"","Date","Max_TemperatureC","Mean_TemperatureC","Min_TemperatureC","Dew_PointC","MeanDew_PointC","Min_DewpointC","Max_Humidity","Mean_Humidity","Min_Humidity","Max_Sea_Level_PressurehPa","Mean_Sea_Level_PressurehPa","Min_Sea_Level_PressurehPa","Max_VisibilityKm","Mean_VisibilityKm","Min_VisibilitykM","Max_Wind_SpeedKm_h","Mean_Wind_SpeedKm_h","Max_Gust_SpeedKm_h","Precipitationmm","CloudCover","Events","WindDirDegrees","Station"
"1",2013-01-01,7,6,4,6,4,2,93,85,63,1010,1003,1000,31,13,8,34,24,48,4.06,7,"Rain",232,"EDDV"
"2",2013-01-02,7,5,3,5,3,2,93,83,71,1025,1018,1010,19,11,8,32,23,40,1.02,6,"Rain",266,"EDDV"
"3",2013-01-03,10,8,6,9,7,3,100,93,73,1030,1025,1022,13,8,3,34,24,50,0.76,6,"Rain",268,"EDDV"
"4",2013-01-04,9,8,7,9,8,6,100,93,87,1031,1029,1028,14,7,3,35,24,52,0.25,7,"Rain",279,"EDDV"
"5",2013-01-05,8,7,7,8,7,6,100,96,87,1031,1029,1028,10,5,1,35,26,42,2.03,8,"Rain",291,"EDDV"
"6",2013-01-06,8,7,6,8,7,5,100,95,87,1031,1026,1024,14,7,3,26,16,37,1.02,7,"Rain",286,"EDDV"
"7",2013-01-07,8,7,5,7,6,4,100,94,87,1029,1027,1024,14,10,6,26,13,NA,0,7,"Rain",273,"EDDV"
"8",2013-01-08,8,7,6,7,6,5,100,94,80,1025,1023,1022,10,5,3,23,14,NA,2.03,7,"Rain",271,"EDDV"
"9",2013-01-09,6,6,5,7,6,4,100,96,90,1023,1017,1013,14,7,2,26,16,NA,4.06,7,"Rain",268,"EDDV"
"10",2013-01-10,6,3,0,4,2,-4,100,89,75,1014,1010,1007,31,11,6,26,16,NA,0,6,"Rain-Snow",297,"EDDV"
"11",2013-01-11,0,-2,-4,-2,-3,-5,100,89,62,1019,1015,1011,31,11,3,14,11,NA,0,6,"Snow",300,"EDDV"
"12",2013-01-12,0,-3,-7,-3,-4,-7,100,91,61,1021,1019,1018,31,13,1,10,5,NA,0,2,"Fog-Snow",322,"EDDV"
"13",2013-01-13,-2,-4,-6,-2,-3,-5,100,93,81,1021,1020,1018,19,9,3,24,8,NA,0.25,6,"Snow",59,"EDDV"
"14",2013-01-14,-3,-4,-6,-4,-6,-8,93,84,75,1019,1014,1011,13,9,2,19,11,NA,0,7,"Snow",122,"EDDV"
"15",2013-01-15,-2,-6,-9,-6,-8,-10,100,85,62,1012,1009,1008,14,8,2,21,10,NA,0,7,"Fog-Snow",97,"EDDV"
"16",2013-01-16,-3,-4,-7,-4,-5,-7,100,93,83,1015,1011,1009,7,3,1,21,13,NA,0.25,7,"Snow",53,"EDDV"
"17",2013-01-17,-1,-3,-5,-2,-3,-6,100,92,85,1020,1017,1014,11,6,1,14,10,NA,0,7,"Snow",14,"EDDV"
"18",2013-01-18,-2,-3,-4,-2,-4,-7,100,85,68,1019,1013,1008,26,10,5,27,13,NA,0,6,"Snow",80,"EDDV"
"19",2013-01-19,-4,-6,-7,-6,-8,-10,86,76,59,1008,1004,1003,18,11,6,32,26,NA,0,7,"Snow",93,"EDDV"
"20",2013-01-20,-4,-6,-8,-6,-8,-10,93,82,71,1004,1001,1000,14,11,10,29,24,NA,0,7,NA,84,"EDDV"
"21",2013-01-21,-3,-4,-6,-4,-5,-8,100,89,73,1005,1002,1000,13,4,1,32,24,NA,2.03,7,"Snow",88,"EDDV"
"22",2013-01-22,-6,-7,-7,-8,-8,-9,93,83,72,1011,1007,1005,18,11,6,23,18,NA,0,7,"Snow",87,"EDDV"
"23",2013-01-23,-4,-7,-9,-7,-8,-9,100,86,69,1012,1011,1009,18,11,6,14,10,NA,0,7,NA,42,"EDDV"
"24",2013-01-24,-2,-4,-7,-3,-5,-8,100,90,78,1021,1015,1011,14,9,6,11,6,NA,0,6,NA,333,"EDDV"
"25",2013-01-25,-4,-8,-12,-6,-10,-13,100,86,62,1023,1021,1016,18,7,5,23,10,NA,0,NA,"Fog",100,"EDDV"
"26",2013-01-26,0,-6,-11,-3,-8,-12,93,80,61,1017,1012,1009,11,8,5,26,14,NA,0,6,"Snow",160,"EDDV"
"27",2013-01-27,4,1,-3,2,-1,-3,93,83,61,1010,1004,999,18,10,5,32,18,NA,2.03,7,"Rain-Snow",205,"EDDV"
"28",2013-01-28,5,3,2,2,1,0,93,82,71,1013,1009,1004,19,12,10,24,14,NA,0,3,"Rain",232,"EDDV"
"29",2013-01-29,11,7,2,10,6,0,100,85,66,1010,1005,1003,19,11,3,29,23,52,0,6,"Rain",239,"EDDV"
"30",2013-01-30,13,10,6,11,8,2,94,83,51,1005,1002,999,31,12,5,55,29,85,7.11,6,"Rain",257,"EDDV"
"31",2013-01-31,8,7,5,4,2,1,87,72,57,1011,1007,1003,31,13,10,42,32,66,0.76,5,"Rain-Thunderstorm",264,"EDDV"
"32",2013-02-01,7,4,1,4,3,0,100,82,61,1006,1000,991,19,11,8,37,23,58,4.06,7,"Rain-Snow",272,"EDDV"
"33",2013-02-02,3,2,0,2,1,-3,100,87,57,1010,1001,992,26,9,3,29,16,35,0,5,"Rain-Snow",304,"EDDV"
"34",2013-02-03,5,2,1,4,1,-1,100,83,61,1015,1010,1004,26,10,5,35,18,52,2.03,7,"Rain-Snow",273,"EDDV"
"35",2013-02-04,8,4,1,7,3,0,100,83,58,1006,1004,1001,19,9,3,40,21,55,3.05,6,"Rain",271,"EDDV"
"36",2013-02-05,6,3,0,2,0,-2,93,79,60,1004,997,994,31,15,8,35,26,58,2.03,5,"Rain-Snow",258,"EDDV"
"37",2013-02-06,4,1,-2,1,-2,-3,93,80,58,1002,998,996,31,17,10,21,11,NA,0,5,"Rain",248,"EDDV"
"38",2013-02-07,2,1,-1,1,-1,-3,100,90,70,1011,1007,1002,26,10,2,19,13,NA,0,6,"Rain-Snow",290,"EDDV"
"39",2013-02-08,1,-1,-2,-1,-2,-4,100,88,62,1016,1012,1010,26,11,3,16,10,NA,0,7,"Snow",305,"EDDV"
"40",2013-02-09,1,-1,-3,-2,-3,-4,100,86,60,1019,1017,1016,19,11,8,14,10,NA,0,6,"Snow",286,"EDDV"
"41",2013-02-10,1,-1,-3,-3,-5,-8,93,72,42,1018,1014,1010,31,13,8,21,10,NA,0,5,"Snow",156,"EDDV"
"42",2013-02-11,0,-3,-6,-5,-6,-7,93,74,55,1012,1009,1008,19,13,10,34,23,48,0,5,NA,98,"EDDV"
"43",2013-02-12,1,-1,-3,-3,-5,-8,93,74,37,1019,1014,1011,14,10,3,24,16,NA,0,5,"Snow",42,"EDDV"
"44",2013-02-13,2,-1,-5,-2,-3,-5,100,85,54,1028,1024,1018,11,8,3,13,6,NA,0,7,"Snow",30,"EDDV"
"45",2013-02-14,1,-3,-6,-4,-6,-7,93,78,50,1028,1022,1015,14,7,3,29,11,NA,0,4,"Fog",130,"EDDV"
"46",2013-02-15,2,0,-2,1,-2,-5,93,86,64,1021,1017,1015,6,3,2,16,10,NA,0,7,"Rain-Snow",159,"EDDV"
"47",2013-02-16,4,2,1,4,3,1,100,98,91,1025,1023,1021,5,1,0,10,5,NA,0.51,7,"Fog-Rain",247,"EDDV"
"48",2013-02-17,4,2,1,3,2,0,100,95,81,1026,1025,1023,7,2,0,11,8,NA,0,7,"Fog-Rain",90,"EDDV"
"49",2013-02-18,4,2,0,1,-1,-4,95,78,47,1025,1022,1018,13,8,2,11,6,NA,0,6,NA,214,"EDDV"
"50",2013-02-19,2,1,-1,2,-1,-3,100,91,78,1022,1016,1014,26,7,1,21,13,NA,1.02,7,"Rain-Snow",327,"EDDV"
"51",2013-02-20,0,-2,-3,-2,-4,-5,93,82,68,1027,1025,1021,26,12,5,21,13,NA,0.25,6,"Rain-Snow",11,"EDDV"
"52",2013-02-21,-1,-2,-3,-2,-4,-5,93,85,72,1027,1024,1022,31,10,1,21,13,NA,0,6,"Snow",28,"EDDV"
"53",2013-02-22,-2,-4,-6,-5,-6,-9,100,80,49,1023,1020,1018,14,11,8,26,13,NA,0,4,"Snow",53,"EDDV"
"54",2013-02-23,0,-3,-6,-1,-5,-8,100,82,65,1020,1016,1015,18,8,2,26,16,NA,0,7,"Snow",41,"EDDV"
"55",2013-02-24,1,0,-2,1,-1,-2,100,93,87,1020,1016,1014,13,6,1,18,13,NA,0.51,7,"Fog-Rain-Snow",33,"EDDV"
"56",2013-02-25,2,1,0,2,1,1,100,97,92,1028,1023,1019,5,2,0,21,13,NA,0.76,7,"Fog-Rain-Snow",53,"EDDV"
"57",2013-02-26,2,1,1,1,1,0,100,95,87,1034,1032,1028,5,3,1,19,13,NA,0,7,"Rain",62,"EDDV"
"58",2013-02-27,2,1,0,0,-1,-2,100,87,72,1034,1033,1032,14,9,1,16,11,NA,0.25,7,"Rain-Snow",76,"EDDV"
"59",2013-02-28,4,2,-1,1,-1,-1,100,85,65,1032,1028,1024,14,9,1,19,6,NA,0,7,"Rain",281,"EDDV"
"60",2013-03-01,3,1,-2,3,-1,-4,100,82,61,1027,1024,1022,26,10,1,26,14,NA,0,6,"Rain",300,"EDDV"
"61",2013-03-02,5,0,-4,-1,-2,-5,100,80,51,1027,1024,1021,26,12,6,21,10,NA,0,5,"Fog",284,"EDDV"
"62",2013-03-03,6,2,-2,2,-1,-4,100,79,50,1025,1022,1020,31,13,6,23,16,NA,0,6,"Rain",289,"EDDV"
"63",2013-03-04,8,2,-4,1,-2,-4,100,75,40,1025,1021,1016,26,16,7,21,8,NA,0,NA,"Fog",116,"EDDV"
"64",2013-03-05,13,5,-3,1,-2,-4,87,61,23,1017,1011,1007,31,27,19,16,11,NA,0,NA,NA,126,"EDDV"
"65",2013-03-06,15,6,-3,2,-1,-3,100,65,20,1008,1005,1003,26,14,8,14,6,NA,0,NA,"Fog",80,"EDDV"
"66",2013-03-07,8,4,0,3,1,-1,93,78,53,1005,1004,1003,10,7,5,27,16,NA,0,7,"Rain",84,"EDDV"
"67",2013-03-08,4,2,1,2,1,-1,93,89,80,1007,1005,1004,11,8,3,35,24,47,2.03,7,"Rain",97,"EDDV"
"68",2013-03-09,1,1,0,1,-1,-2,100,92,82,1007,1003,1000,11,5,2,32,24,40,4.06,7,"Rain",102,"EDDV"
"69",2013-03-10,-1,-3,-5,1,-3,-7,100,92,77,1007,1002,999,26,5,1,26,18,NA,1.02,7,"Rain-Snow",59,"EDDV"
"70",2013-03-11,-3,-4,-6,-4,-7,-8,93,80,59,1009,1008,1006,26,11,3,26,14,39,0,6,"Snow",51,"EDDV"
"71",2013-03-12,-2,-5,-8,-6,-8,-11,93,75,46,1010,1007,1005,31,10,4,26,16,NA,0,6,"Snow",49,"EDDV"
"72",2013-03-13,0,-6,-12,-5,-9,-13,100,76,38,1008,1006,1004,31,15,8,14,5,NA,0,4,"Fog",278,"EDDV"
"73",2013-03-14,0,-3,-7,-3,-6,-11,100,79,39,1015,1011,1007,31,8,0,19,10,NA,0,5,"Fog-Snow",302,"EDDV"
"74",2013-03-15,1,-4,-9,-7,-9,-12,93,64,29,1017,1015,1014,31,15,10,14,8,NA,0,3,"Snow",233,"EDDV"
"75",2013-03-16,7,2,-3,-3,-6,-8,69,53,26,1017,1013,1009,26,14,10,29,16,NA,0,6,"Snow",143,"EDDV"
"76",2013-03-17,3,1,-1,0,-4,-7,100,68,43,1009,1004,998,26,10,1,39,23,50,2.03,7,"Snow",111,"EDDV"
"77",2013-03-18,6,2,-1,2,-1,-3,93,84,67,999,996,996,10,9,3,32,23,50,0,6,"Snow",97,"EDDV"
"78",2013-03-19,1,0,-2,-2,-3,-4,93,80,60,1004,999,996,19,11,10,16,11,NA,0,6,NA,352,"EDDV"
"79",2013-03-20,1,-1,-2,-1,-3,-5,100,80,60,1011,1006,1004,31,10,0,23,13,NA,0.51,6,"Fog-Snow",69,"EDDV"
"80",2013-03-21,2,0,-2,-1,-2,-3,100,90,61,1022,1017,1012,11,8,2,11,6,NA,0.51,6,"Snow",322,"EDDV"
"81",2013-03-22,0,-2,-5,-3,-4,-7,100,80,56,1023,1022,1021,26,11,10,35,16,50,0,6,"Snow",81,"EDDV"
"82",2013-03-23,-2,-4,-6,-7,-12,-16,80,52,24,1026,1024,1022,31,16,10,45,34,61,0,5,"Snow",90,"EDDV"
"83",2013-03-24,1,-4,-9,-9,-14,-18,59,40,16,1026,1023,1020,31,28,26,45,32,61,0,NA,NA,91,"EDDV"
"84",2013-03-25,2,-2,-6,-9,-11,-12,68,49,25,1022,1020,1018,31,19,10,43,32,63,0,3,NA,83,"EDDV"
"85",2013-03-26,3,-1,-6,-8,-9,-11,74,52,25,1019,1017,1015,31,18,10,40,23,55,0,4,NA,78,"EDDV"
"86",2013-03-27,4,-2,-7,-7,-10,-73,86,57,4,1022,1015,1013,31,24,10,35,18,50,0,6,NA,78,"EDDV"
"87",2013-03-28,0,-1,-3,-2,-3,-8,93,83,51,1015,1012,1009,14,7,3,24,16,NA,0,7,"Snow",80,"EDDV"
"88",2013-03-29,2,0,-2,-1,-2,-3,100,86,68,1009,1008,1007,5,3,1,14,10,NA,0,7,"Rain-Snow",342,"EDDV"
"89",2013-03-30,3,0,-2,0,-2,-4,100,85,51,1011,1008,1007,14,7,1,18,6,NA,0.25,7,"Snow",360,"EDDV"
"90",2013-03-31,4,-1,-5,-2,-4,-8,100,71,36,1014,1012,1011,31,10,3,19,10,NA,0.25,5,"Snow",19,"EDDV"
"91",2013-04-01,7,0,-7,-5,-8,-11,93,56,16,1014,1012,1011,31,17,10,19,8,NA,0,1,NA,360,"EDDV"
"92",2013-04-02,6,0,-6,-5,-7,-9,80,56,25,1019,1015,1013,31,12,10,29,14,40,0,4,NA,80,"EDDV"
"93",2013-04-03,6,1,-3,-4,-7,-9,86,53,23,1021,1019,1017,31,15,10,34,19,42,0,5,NA,77,"EDDV"
"94",2013-04-04,6,2,-2,-2,-3,-6,86,65,39,1019,1015,1013,31,15,10,27,16,39,0,6,NA,75,"EDDV"
"95",2013-04-05,3,2,0,0,-1,-3,93,77,62,1015,1012,1011,31,13,10,24,16,NA,0,6,"Rain",44,"EDDV"
"96",2013-04-06,9,4,1,0,-4,-9,87,57,19,1022,1019,1015,31,13,10,19,11,29,0,6,"Snow",28,"EDDV"
"97",2013-04-07,9,3,-3,0,-4,-9,100,60,18,1024,1021,1016,31,12,1,16,8,NA,0,4,NA,288,"EDDV"
"98",2013-04-08,10,3,-3,-1,-5,-7,80,53,20,1017,1011,1006,26,23,10,29,11,45,0,6,NA,85,"EDDV"
"99",2013-04-09,8,4,1,3,1,-2,100,76,57,1007,1004,1002,19,8,2,26,21,NA,1.02,6,"Rain-Snow",94,"EDDV"
"100",2013-04-10,11,8,4,7,4,2,100,81,61,1007,1004,1002,11,8,3,21,13,NA,5.08,6,"Rain",139,"EDDV"
"101",2013-04-11,13,9,6,11,7,4,100,89,75,1007,1001,998,31,8,2,24,11,39,6.1,7,"Rain",191,"EDDV"
"102",2013-04-12,14,10,6,7,6,4,93,73,41,1004,1001,998,31,12,5,26,14,NA,0,6,"Rain",240,"EDDV"
"103",2013-04-13,13,10,7,7,5,4,87,71,50,1022,1013,1004,26,12,8,34,19,53,0,6,"Rain",265,"EDDV"
"104",2013-04-14,18,12,7,10,7,3,81,65,47,1024,1022,1020,31,14,8,19,11,NA,0,6,"Rain",162,"EDDV"
"105",2013-04-15,24,18,12,12,9,8,94,60,29,1021,1019,1017,31,17,6,32,13,NA,0.25,6,"Fog-Rain-Thunderstorm",209,"EDDV"
"106",2013-04-16,20,14,9,13,8,4,100,69,31,1020,1019,1017,26,9,0,27,6,NA,0,5,"Fog-Rain",265,"EDDV"
"107",2013-04-17,19,15,11,12,10,4,94,69,38,1023,1020,1015,26,14,6,23,11,NA,0,6,"Rain",226,"EDDV"
"108",2013-04-18,19,14,11,11,4,-4,68,44,13,1017,1013,1010,31,25,10,37,21,60,0,6,NA,237,"EDDV"
"109",2013-04-19,13,9,5,5,3,0,81,58,36,1028,1021,1017,31,17,10,26,16,NA,0,5,"Rain",284,"EDDV"
"110",2013-04-20,12,6,0,2,-1,-5,100,63,20,1032,1030,1028,31,13,6,21,11,NA,0,2,"Fog",1,"EDDV"
"111",2013-04-21,16,8,1,5,2,-2,87,58,29,1029,1021,1015,31,23,10,26,11,NA,0,6,NA,93,"EDDV"
"112",2013-04-22,15,12,8,6,1,-7,76,49,14,1017,1015,1014,31,16,10,16,10,NA,0,6,NA,260,"EDDV"
"113",2013-04-23,13,11,8,9,4,-7,82,60,18,1023,1018,1015,31,15,10,34,16,45,0,6,"Rain",259,"EDDV"
"114",2013-04-24,21,12,4,9,6,3,93,60,34,1026,1024,1021,26,14,10,23,10,NA,0,3,"Fog",247,"EDDV"
"115",2013-04-25,22,17,12,12,10,8,82,64,38,1025,1022,1015,18,11,10,14,10,NA,0,5,"Rain",232,"EDDV"
"116",2013-04-26,20,13,6,12,9,5,100,77,42,1016,1009,1005,18,9,3,24,10,NA,3.05,7,"Fog-Rain",299,"EDDV"
"117",2013-04-27,9,7,4,6,4,1,100,83,55,1014,1010,1008,31,11,4,19,14,NA,0.25,7,"Rain",341,"EDDV"
"118",2013-04-28,13,6,-1,3,1,-1,100,70,31,1018,1016,1014,31,13,0,19,10,NA,0,3,"Fog",255,"EDDV"
"119",2013-04-29,14,10,7,6,3,-2,76,60,26,1020,1015,1013,26,13,10,32,16,50,0,5,"Rain",248,"EDDV"
"120",2013-04-30,14,9,3,3,2,-1,87,58,27,1025,1022,1020,31,17,10,14,8,NA,0,6,"Fog",297,"EDDV"
"121",2013-05-01,16,9,2,6,3,1,93,61,27,1027,1024,1021,31,18,10,24,11,NA,0,3,NA,68,"EDDV"
"122",2013-05-02,16,12,8,8,6,2,82,62,40,1022,1021,1020,31,14,10,23,10,NA,0,6,NA,61,"EDDV"
"123",2013-05-03,18,12,7,6,2,-3,71,43,27,1021,1019,1016,31,17,10,21,13,NA,0,6,NA,95,"EDDV"
"124",2013-05-04,21,13,5,10,6,2,87,56,23,1020,1016,1016,26,18,10,19,6,NA,0,1,NA,253,"EDDV"
"125",2013-05-05,21,13,5,9,7,4,93,62,32,1024,1022,1020,31,18,10,14,6,NA,0,2,"Fog",279,"EDDV"
"126",2013-05-06,23,15,7,11,6,2,87,53,17,1024,1021,1018,31,19,10,21,8,NA,0,6,"Fog",86,"EDDV"
"127",2013-05-07,17,13,10,14,11,7,94,83,49,1019,1017,1013,27,12,5,27,10,NA,2.03,7,"Fog-Rain",64,"EDDV"
"128",2013-05-08,22,17,12,14,12,9,100,71,38,1014,1012,1010,19,7,0,34,11,52,0,4,"Fog",176,"EDDV"
"129",2013-05-09,20,17,14,13,11,7,88,67,45,1013,1012,1011,31,13,10,24,10,NA,0,4,"Rain",263,"EDDV"
"130",2013-05-10,18,13,8,12,8,4,100,68,36,1016,1013,1011,31,12,1,32,11,47,0,4,"Fog-Rain-Thunderstorm",259,"EDDV"
"131",2013-05-11,16,12,8,9,7,5,88,70,38,1016,1014,1011,31,12,10,24,13,NA,4.06,4,"Rain",221,"EDDV"
"132",2013-05-12,12,10,8,8,6,4,87,73,48,1016,1012,1010,31,16,10,29,14,40,1.02,5,"Rain",234,"EDDV"
"133",2013-05-13,14,11,7,11,8,5,93,81,69,1016,1013,1010,31,14,10,27,14,NA,0.25,7,"Rain",214,"EDDV"
"134",2013-05-14,14,11,7,9,6,3,93,65,36,1011,1009,1006,31,14,8,24,13,NA,0,5,"Rain",224,"EDDV"
"135",2013-05-15,23,16,8,13,10,7,93,68,37,1007,1002,999,27,13,10,24,13,NA,0,5,"Rain",157,"EDDV"
"136",2013-05-16,22,17,11,15,12,9,94,76,50,1004,1000,995,26,12,4,27,8,47,0,6,"Fog-Rain",57,"EDDV"
"137",2013-05-17,17,14,11,15,13,11,100,90,78,1002,999,997,23,5,0,21,10,NA,7.87,6,"Fog-Rain",296,"EDDV"
"138",2013-05-18,11,9,8,12,9,7,100,92,82,1012,1007,1002,19,9,1,24,14,NA,4.06,7,"Fog-Rain-Thunderstorm",275,"EDDV"
"139",2013-05-19,17,10,3,12,9,4,100,84,60,1012,1009,1007,31,7,0,14,5,NA,0,3,"Fog",1,"EDDV"
"140",2013-05-20,14,11,8,12,11,8,100,92,76,1010,1008,1006,18,7,0,19,6,NA,0.51,7,"Fog-Rain",254,"EDDV"
"141",2013-05-21,16,13,10,11,10,8,94,81,52,1010,1009,1006,26,11,3,14,8,NA,8.89,6,"Rain",255,"EDDV"
"142",2013-05-22,11,8,6,10,6,2,100,82,53,1011,1007,1004,26,9,3,35,18,45,2.03,6,"Rain",305,"EDDV"
"143",2013-05-23,9,6,3,5,3,1,93,80,50,1011,1008,1006,31,13,10,18,10,NA,0.76,7,"Rain",305,"EDDV"
"144",2013-05-24,11,8,4,6,4,1,100,75,40,1014,1011,1008,19,10,8,18,10,NA,0,5,"Fog-Rain",309,"EDDV"
"145",2013-05-25,13,9,4,8,6,3,93,85,49,1014,1012,1009,31,11,7,29,11,NA,6.1,6,"Rain",304,"EDDV"
"146",2013-05-26,12,9,7,11,9,7,100,96,92,1010,1005,1003,7,5,3,32,18,39,20.07,7,"Rain",304,"EDDV"
"147",2013-05-27,11,10,8,10,9,8,100,94,83,1010,1007,1004,11,6,3,21,13,NA,3.05,7,"Fog-Rain",298,"EDDV"
"148",2013-05-28,19,14,9,12,9,7,100,78,43,1010,1005,1000,31,9,3,11,5,NA,2.03,5,"Fog-Rain",39,"EDDV"
"149",2013-05-29,17,13,11,13,11,9,100,85,60,1004,1000,997,26,9,3,19,8,NA,0,6,"Rain",316,"EDDV"
"150",2013-05-30,17,13,10,13,10,9,94,82,63,1008,1006,1004,11,9,5,18,10,NA,1.02,6,"Rain",275,"EDDV"
"151",2013-05-31,22,18,13,15,12,10,94,73,38,1008,1005,1004,31,13,8,29,13,40,2.03,5,"Rain",340,"EDDV"
"152",2013-06-01,13,12,10,13,11,8,100,94,81,1016,1012,1008,14,6,1,32,18,40,0,6,"Fog-Rain",296,"EDDV"
"153",2013-06-02,14,11,8,8,6,2,87,67,41,1025,1020,1017,31,14,6,32,21,47,0,6,NA,310,"EDDV"
"154",2013-06-03,17,11,6,8,6,5,93,71,41,1027,1025,1024,31,12,10,32,14,37,0,6,NA,305,"EDDV"
"155",2013-06-04,22,14,6,11,9,5,94,69,35,1026,1022,1019,31,12,6,21,11,NA,0,3,NA,327,"EDDV"
"156",2013-06-05,21,16,10,10,7,3,88,55,24,1022,1020,1019,10,10,10,21,11,NA,0,4,NA,98,"EDDV"
"157",2013-06-06,23,16,9,9,7,4,87,51,20,1023,1021,1020,10,10,10,18,8,NA,0,3,NA,93,"EDDV"
"158",2013-06-07,25,17,9,14,9,6,87,55,22,1022,1021,1019,10,10,10,11,6,26,0,1,"Fog",45,"EDDV"
"159",2013-06-08,24,18,12,12,9,7,82,56,29,1021,1018,1015,31,21,10,14,8,NA,0,1,NA,342,"EDDV"
"160",2013-06-09,17,13,9,12,10,8,94,78,58,1016,1013,1010,31,15,10,13,8,NA,0,6,"Rain",352,"EDDV"
"161",2013-06-10,20,13,7,10,8,6,100,70,36,1014,1012,1011,31,17,10,14,10,NA,0,3,"Fog",302,"EDDV"
"162",2013-06-11,21,14,7,11,9,7,100,69,33,1018,1016,1014,26,11,5,14,8,NA,0,5,"Fog",284,"EDDV"
"163",2013-06-12,24,17,9,14,11,8,94,64,34,1019,1017,1015,31,17,8,23,8,NA,0,NA,"Fog",167,"EDDV"
"164",2013-06-13,26,19,12,17,14,11,94,73,42,1016,1013,1010,26,12,3,32,14,45,4.06,6,"Rain",223,"EDDV"
"165",2013-06-14,19,16,11,11,9,8,94,70,41,1020,1017,1014,31,12,8,26,18,NA,0,5,"Rain",246,"EDDV"
"166",2013-06-15,22,16,10,13,10,8,94,67,39,1019,1013,1010,31,12,8,55,11,45,4.06,5,"Fog-Rain",185,"EDDV"
"167",2013-06-16,20,16,11,9,7,3,76,52,30,1017,1015,1013,10,10,10,32,14,47,0,6,"Rain",239,"EDDV"
"168",2013-06-17,24,17,9,13,11,9,94,63,34,1019,1016,1013,31,24,10,19,11,NA,0,NA,"Fog-Rain",67,"EDDV"
"169",2013-06-18,29,22,15,18,14,12,82,60,33,1016,1015,1014,31,24,10,14,8,NA,0,NA,"Rain",74,"EDDV"
"170",2013-06-19,33,26,19,21,19,17,88,65,36,1016,1013,1010,31,18,10,23,11,39,0,5,"Rain-Thunderstorm",92,"EDDV"
"171",2013-06-20,29,23,18,20,17,15,94,73,44,1014,1012,1009,31,13,5,35,13,NA,7.87,5,"Rain-Thunderstorm",44,"EDDV"
"172",2013-06-21,22,19,17,18,15,12,100,76,44,1014,1010,1007,31,12,3,35,13,55,0,5,"Fog-Rain",225,"EDDV"
"173",2013-06-22,24,20,16,15,13,12,88,67,39,1015,1013,1010,31,15,10,32,16,NA,0.51,5,"Rain",216,"EDDV"
"174",2013-06-23,20,17,13,15,11,8,88,68,42,1013,1011,1009,31,13,10,27,16,NA,0.76,5,"Rain",225,"EDDV"
"175",2013-06-24,19,16,13,12,11,9,88,74,50,1021,1017,1013,31,13,10,27,14,NA,0,6,"Rain",248,"EDDV"
"176",2013-06-25,16,13,11,12,9,7,94,77,54,1025,1023,1021,31,13,4,29,13,40,0,6,"Rain",295,"EDDV"
"177",2013-06-26,17,13,9,8,6,3,87,62,35,1026,1024,1023,31,14,10,34,21,50,0,5,NA,290,"EDDV"
"178",2013-06-27,16,12,9,11,8,6,94,72,50,1024,1022,1021,31,14,10,23,11,NA,0,5,"Rain",245,"EDDV"
"179",2013-06-28,14,12,10,12,9,7,94,81,63,1021,1019,1017,26,12,10,21,11,NA,0.25,7,"Rain",208,"EDDV"
"180",2013-06-29,16,12,9,14,11,6,100,82,47,1022,1016,1012,31,11,3,29,16,50,2.03,6,"Rain",254,"EDDV"
"181",2013-06-30,16,11,6,11,8,5,93,75,58,1023,1021,1018,31,17,10,23,13,NA,0,6,"Rain",251,"EDDV"
"182",2013-07-01,22,18,14,14,13,11,88,70,46,1018,1016,1014,31,14,10,27,14,37,0,5,"Rain",246,"EDDV"
"183",2013-07-02,22,17,12,12,11,8,94,66,35,1016,1014,1011,31,17,10,14,8,NA,0,4,"Fog",263,"EDDV"
"184",2013-07-03,24,19,15,18,15,11,94,76,54,1014,1009,1007,31,14,6,26,11,NA,5.08,6,"Rain",186,"EDDV"
"185",2013-07-04,23,19,16,17,15,13,94,76,53,1023,1019,1014,26,11,6,21,11,NA,0,5,"Fog-Rain",257,"EDDV"
"186",2013-07-05,23,19,16,16,14,12,88,72,42,1030,1027,1023,31,12,10,16,10,26,0,6,NA,299,"EDDV"
"187",2013-07-06,24,18,11,12,10,7,94,60,23,1032,1031,1029,26,15,10,11,6,NA,0,3,NA,3,"EDDV"
"188",2013-07-07,26,19,11,13,11,7,88,57,19,1032,1031,1030,10,10,10,13,6,NA,0,1,"Fog",71,"EDDV"
"189",2013-07-08,26,19,11,15,12,10,94,61,27,1032,1030,1028,31,14,10,16,6,NA,0,3,"Fog",4,"EDDV"
"190",2013-07-09,26,18,10,14,11,8,94,61,26,1029,1026,1022,31,30,26,18,8,NA,0,NA,NA,309,"EDDV"
"191",2013-07-10,19,16,11,15,11,9,94,77,45,1023,1020,1019,31,15,6,29,13,35,0,5,"Fog-Rain",295,"EDDV"
"192",2013-07-11,22,16,10,13,11,9,94,70,35,1021,1020,1019,31,12,10,23,11,NA,0,4,NA,307,"EDDV"
"193",2013-07-12,21,16,10,11,9,9,94,70,37,1023,1022,1021,26,12,8,14,11,NA,0,4,NA,295,"EDDV"
"194",2013-07-13,21,14,8,12,10,8,100,71,38,1023,1022,1022,31,14,5,19,10,NA,0,3,"Fog",298,"EDDV"
"195",2013-07-14,19,16,12,14,12,9,94,81,57,1024,1023,1021,31,11,5,16,11,NA,0,7,"Rain",295,"EDDV"
"196",2013-07-15,24,16,8,12,10,8,100,67,27,1024,1022,1021,31,13,10,14,6,NA,0,3,"Fog",298,"EDDV"
"197",2013-07-16,25,17,8,14,11,6,100,64,23,1025,1023,1022,31,12,2,11,5,NA,0,6,"Fog",306,"EDDV"
"198",2013-07-17,27,19,12,16,13,11,100,67,30,1025,1024,1023,31,17,10,21,5,NA,0,6,"Fog",339,"EDDV"
"199",2013-07-18,27,20,12,16,13,10,100,65,27,1026,1024,1023,31,12,3,18,6,NA,0,2,"Fog",321,"EDDV"
"200",2013-07-19,24,18,12,15,13,10,95,70,40,1025,1023,1021,31,15,3,27,11,45,0,3,"Fog",307,"EDDV"
"201",2013-07-20,27,21,15,14,12,6,94,59,17,1023,1022,1020,31,15,10,16,10,NA,0,5,NA,33,"EDDV"
"202",2013-07-21,29,21,12,11,9,7,77,44,16,1023,1021,1019,26,26,26,14,8,NA,0,NA,NA,100,"EDDV"
"203",2013-07-22,32,23,14,15,9,4,82,44,11,1020,1017,1015,31,20,10,11,6,23,0,NA,"Fog",90,"EDDV"
"204",2013-07-23,32,23,15,14,11,6,77,43,11,1016,1014,1012,31,20,10,21,8,NA,0,1,NA,78,"EDDV"
"205",2013-07-24,29,23,17,19,14,9,96,60,28,1015,1014,1013,31,13,3,27,13,NA,0.51,6,"Fog-Rain",137,"EDDV"
"206",2013-07-25,28,21,14,19,16,13,100,73,30,1016,1015,1014,31,8,0,21,5,NA,0,4,"Fog-Rain",253,"EDDV"
"207",2013-07-26,28,22,16,21,18,15,100,79,40,1015,1014,1013,18,10,2,13,5,NA,7.87,6,"Fog-Rain-Thunderstorm",240,"EDDV"
"208",2013-07-27,31,24,18,22,19,17,100,76,35,1013,1010,1006,26,13,5,14,6,NA,0.51,6,"Fog-Rain-Thunderstorm",120,"EDDV"
"209",2013-07-28,28,23,19,20,18,16,96,73,42,1014,1010,1005,31,12,7,26,10,NA,0,6,"Fog-Rain-Thunderstorm",206,"EDDV"
"210",2013-07-29,26,21,17,19,17,12,100,79,37,1015,1014,1012,26,9,3,19,5,NA,0,6,"Fog-Rain",266,"EDDV"
"211",2013-07-30,23,19,14,17,13,10,100,69,35,1017,1016,1014,31,13,10,34,13,37,1.02,4,"Fog-Rain",239,"EDDV"
"212",2013-07-31,23,19,16,16,14,13,94,73,46,1019,1015,1012,31,13,10,34,18,NA,0.25,6,"Rain",248,"EDDV"
"213",2013-08-01,30,23,17,17,15,13,83,59,28,1019,1016,1014,31,17,10,19,8,NA,0,6,NA,180,"EDDV"
"214",2013-08-02,34,26,18,17,14,9,83,46,13,1015,1013,1011,NA,NA,NA,18,8,NA,0,NA,NA,145,"EDDV"
"215",2013-08-03,28,24,20,19,15,12,83,54,34,1021,1015,1010,31,14,5,27,11,NA,2.03,5,"Rain-Thunderstorm",246,"EDDV"
"216",2013-08-04,27,22,17,17,14,11,88,63,33,1022,1021,1020,31,22,10,14,8,29,0,3,NA,88,"EDDV"
"217",2013-08-05,30,22,14,16,13,10,96,58,21,1022,1017,1013,31,23,10,23,11,45,0,1,"Fog",119,"EDDV"
"218",2013-08-06,26,22,18,18,15,12,100,63,36,1016,1014,1011,31,14,10,27,14,48,0,4,"Fog-Rain-Thunderstorm",276,"EDDV"
"219",2013-08-07,23,18,13,18,15,12,95,77,54,1016,1013,1009,31,15,10,29,11,NA,0,6,"Rain",70,"EDDV"
"220",2013-08-08,20,18,15,18,14,11,96,79,51,1020,1015,1010,26,11,3,29,13,NA,0.51,6,"Fog-Rain",272,"EDDV"
"221",2013-08-09,23,17,9,12,9,6,100,65,25,1022,1020,1019,31,18,10,13,6,NA,0,NA,"Fog",276,"EDDV"
"222",2013-08-10,24,18,12,15,11,7,88,62,25,1020,1018,1017,31,15,10,27,10,37,0,4,NA,250,"EDDV"
"223",2013-08-11,21,17,12,12,9,7,88,62,38,1019,1017,1015,31,15,10,26,14,39,0,5,"Rain",247,"EDDV"
"224",2013-08-12,21,17,13,15,12,9,97,76,41,1016,1014,1013,31,13,5,23,11,NA,8.89,6,"Rain",245,"EDDV"
"225",2013-08-13,20,15,10,13,11,7,100,79,39,1019,1016,1014,31,12,6,37,13,47,2.03,4,"Fog-Rain",259,"EDDV"
"226",2013-08-14,20,16,11,12,9,7,94,72,38,1024,1021,1019,31,17,10,26,14,NA,0,3,NA,281,"EDDV"
"227",2013-08-15,23,16,9,14,10,8,95,68,32,1024,1022,1020,31,15,10,16,6,34,0,5,"Fog-Rain",210,"EDDV"
"228",2013-08-16,28,21,15,14,12,8,88,56,19,1021,1018,1015,31,20,14,21,8,27,0,NA,NA,185,"EDDV"
"229",2013-08-17,26,20,14,17,15,11,94,73,44,1016,1015,1013,31,13,6,16,8,NA,0.25,5,"Rain",263,"EDDV"
"230",2013-08-18,21,18,16,17,15,14,94,75,54,1013,1012,1010,31,16,10,26,11,NA,0.76,6,"Rain",202,"EDDV"
"231",2013-08-19,21,17,13,17,14,12,100,90,60,1022,1014,1012,26,10,5,37,11,39,4.06,6,"Fog-Rain",219,"EDDV"
"232",2013-08-20,20,17,13,14,12,10,100,78,41,1029,1026,1023,31,11,6,18,10,NA,0,5,"Fog-Rain",288,"EDDV"
"233",2013-08-21,23,16,9,12,10,7,100,69,26,1029,1026,1023,31,16,10,10,3,26,0,6,"Fog",98,"EDDV"
"234",2013-08-22,24,18,11,13,11,9,94,64,27,1024,1021,1019,31,20,10,14,6,NA,0,6,"Fog",87,"EDDV"
"235",2013-08-23,23,19,15,12,11,9,82,59,31,1021,1019,1018,26,16,10,26,13,35,0,7,"Rain",101,"EDDV"
"236",2013-08-24,25,19,14,12,10,7,82,53,21,1019,1015,1012,31,23,10,35,18,50,0,4,NA,95,"EDDV"
"237",2013-08-25,25,19,13,12,9,5,77,51,20,1016,1013,1012,31,28,26,32,19,NA,0,NA,NA,79,"EDDV"
"238",2013-08-26,24,17,11,9,8,4,82,51,19,1019,1017,1016,31,25,10,29,16,NA,0,4,NA,70,"EDDV"
"239",2013-08-27,21,15,9,12,9,7,94,64,32,1019,1017,1016,31,14,10,29,11,NA,0,6,"Fog",73,"EDDV"
"240",2013-08-28,23,17,11,13,11,9,94,69,37,1021,1019,1017,31,17,10,14,6,NA,0,3,"Rain",320,"EDDV"
"241",2013-08-29,24,17,8,14,11,8,100,68,27,1023,1021,1020,27,12,0,14,5,NA,0,6,"Fog",266,"EDDV"
"242",2013-08-30,24,17,9,13,11,8,100,67,28,1021,1019,1017,14,9,5,19,6,NA,0,4,"Fog",260,"EDDV"
"243",2013-08-31,19,14,10,17,12,7,94,78,56,1023,1019,1018,31,12,8,24,10,NA,3.05,5,"Fog-Rain",264,"EDDV"
"244",2013-09-01,18,13,7,10,8,5,88,68,42,1025,1023,1022,31,15,10,29,14,42,0,6,"Rain",266,"EDDV"
"245",2013-09-02,17,16,14,16,12,9,94,83,63,1023,1020,1019,31,10,5,32,23,40,0.25,6,"Rain",260,"EDDV"
"246",2013-09-03,20,18,16,17,15,14,94,83,71,1027,1025,1022,19,11,8,23,18,NA,0,6,"Rain",275,"EDDV"
"247",2013-09-04,24,19,15,17,16,15,98,79,52,1027,1024,1021,31,12,10,19,6,NA,0,6,"Rain",73,"EDDV"
"248",2013-09-05,29,21,13,16,14,12,100,66,30,1022,1017,1014,31,20,7,24,16,35,0,1,"Fog",113,"EDDV"
"249",2013-09-06,30,22,13,14,12,9,94,51,19,1014,1011,1009,31,31,31,29,16,NA,0,NA,NA,124,"EDDV"
"250",2013-09-07,27,21,14,19,15,11,100,70,38,1018,1016,1012,31,13,0,19,8,NA,7.11,6,"Fog-Rain",301,"EDDV"
"251",2013-09-08,18,15,12,18,14,11,100,89,72,1020,1017,1014,31,9,0,26,10,NA,1.02,6,"Fog-Rain",280,"EDDV"
"252",2013-09-09,17,13,10,13,11,9,100,88,59,1020,1016,1014,31,12,3,32,10,NA,7.11,5,"Fog-Rain",259,"EDDV"
"253",2013-09-10,13,11,8,11,9,8,100,90,74,1014,1010,1008,26,9,3,29,13,48,5.08,7,"Fog-Rain",188,"EDDV"
"254",2013-09-11,15,12,9,12,11,9,100,91,61,1012,1010,1008,26,10,3,16,10,NA,1.02,6,"Fog-Rain",293,"EDDV"
"255",2013-09-12,17,13,9,12,11,9,100,87,54,1017,1014,1012,31,9,3,13,8,NA,0,6,"Rain",320,"EDDV"
"256",2013-09-13,19,14,11,14,12,11,100,84,56,1019,1018,1017,31,12,4,18,8,NA,0.51,6,"Fog-Rain",260,"EDDV"
"257",2013-09-14,18,14,11,16,13,10,98,91,82,1019,1013,1009,26,10,3,21,10,NA,2.03,6,"Fog-Rain",164,"EDDV"
"258",2013-09-15,17,14,11,14,9,5,100,74,38,1012,1009,1004,26,11,4,29,16,NA,0.76,6,"Rain",250,"EDDV"
"259",2013-09-16,16,11,7,12,8,5,94,78,43,1005,1000,998,31,11,9,26,16,40,0.51,5,"Rain",227,"EDDV"
"260",2013-09-17,15,11,6,8,6,4,87,70,42,1002,1001,998,31,11,10,26,14,47,0.25,5,"Rain",215,"EDDV"
"261",2013-09-18,13,11,9,9,8,7,100,86,67,1003,998,993,26,13,5,19,13,NA,0,6,"Rain",283,"EDDV"
"262",2013-09-19,16,12,8,9,8,7,96,79,54,1011,1008,1004,31,13,10,24,13,NA,0,5,"Rain",252,"EDDV"
"263",2013-09-20,17,13,11,13,11,8,96,86,68,1019,1012,1008,31,12,4,24,14,39,2.03,6,"Rain",252,"EDDV"
"264",2013-09-21,17,14,12,12,11,9,95,80,55,1027,1024,1019,31,13,10,16,11,NA,0,6,NA,262,"EDDV"
"265",2013-09-22,17,14,12,15,12,9,94,82,75,1027,1025,1024,26,12,10,19,10,NA,0,6,NA,241,"EDDV"
"266",2013-09-23,18,16,13,15,13,11,95,84,70,1024,1023,1020,26,11,7,27,19,NA,0,6,"Rain",282,"EDDV"
"267",2013-09-24,17,13,10,14,12,10,100,90,69,1021,1017,1015,19,7,0,18,10,NA,0,6,"Fog-Rain",278,"EDDV"
"268",2013-09-25,14,13,12,13,12,11,100,93,88,1016,1012,1009,14,9,2,21,8,NA,0.51,6,"Fog-Rain",97,"EDDV"
"269",2013-09-26,13,9,5,13,9,4,100,87,63,1021,1014,1008,26,11,5,24,10,39,0,6,"Fog-Rain",345,"EDDV"
"270",2013-09-27,17,9,1,9,4,1,100,81,35,1021,1019,1017,31,8,0,10,2,NA,0,1,"Fog",36,"EDDV"
"271",2013-09-28,16,9,2,9,6,3,100,78,41,1019,1017,1015,31,14,10,19,6,NA,0,1,"Fog",77,"EDDV"
"272",2013-09-29,15,10,5,6,5,4,95,70,39,1017,1016,1015,26,14,10,35,19,50,0,2,NA,92,"EDDV"
"273",2013-09-30,14,9,4,4,3,3,93,69,35,1016,1015,1013,31,18,10,32,19,NA,0,1,NA,90,"EDDV"
"274",2013-10-01,14,8,3,5,3,1,94,72,35,1020,1017,1015,31,20,10,24,14,39,0,2,NA,91,"EDDV"
"275",2013-10-02,14,8,1,4,1,-3,96,65,20,1024,1023,1020,31,25,18,29,14,55,0,NA,NA,103,"EDDV"
"276",2013-10-03,14,8,2,1,0,-1,81,55,26,1025,1023,1021,31,27,19,29,16,47,0,NA,NA,114,"EDDV"
"277",2013-10-04,15,10,5,9,3,-1,77,61,39,1021,1019,1016,26,15,10,26,14,NA,0.51,6,"Rain",131,"EDDV"
"278",2013-10-05,16,14,12,14,12,8,100,87,72,1021,1017,1015,14,9,8,13,6,NA,0.25,7,"Fog-Rain",247,"EDDV"
"279",2013-10-06,15,13,12,13,12,11,100,91,74,1027,1024,1021,26,9,3,11,6,NA,0,6,"Fog-Rain",267,"EDDV"
"280",2013-10-07,18,14,12,12,11,8,95,79,48,1028,1027,1026,31,12,10,11,5,NA,0,6,NA,216,"EDDV"
"281",2013-10-08,16,14,12,13,12,10,95,82,67,1027,1025,1022,18,10,9,13,5,NA,0,6,"Fog",198,"EDDV"
"282",2013-10-09,16,14,12,13,11,9,95,83,69,1023,1016,1008,14,9,3,21,10,NA,2.03,6,"Rain",231,"EDDV"
"283",2013-10-10,12,9,5,10,6,4,96,84,52,1013,1008,1006,31,11,10,21,10,NA,0,6,"Rain",254,"EDDV"
"284",2013-10-11,13,9,4,13,9,5,100,96,87,1018,1014,1013,26,7,3,27,10,NA,9.91,7,"Rain",58,"EDDV"
"285",2013-10-12,11,8,6,11,8,6,100,95,87,1022,1019,1015,14,8,3,14,6,NA,5.08,6,"Fog-Rain",139,"EDDV"
"286",2013-10-13,11,8,4,8,5,2,100,80,58,1020,1018,1016,31,15,6,21,10,NA,0,5,NA,156,"EDDV"
"287",2013-10-14,13,8,3,8,6,2,96,81,57,1020,1017,1013,31,19,10,21,10,NA,0,6,NA,132,"EDDV"
"288",2013-10-15,12,10,8,10,8,7,94,86,72,1014,1008,1006,31,14,8,18,10,NA,0.51,6,"Rain",220,"EDDV"
"289",2013-10-16,11,9,7,11,9,6,100,95,88,1013,1011,1008,10,5,0,14,8,NA,0,7,"Fog-Rain",233,"EDDV"
"290",2013-10-17,16,13,9,11,9,7,99,79,50,1012,1008,1006,31,12,8,42,19,66,0,6,"Rain",240,"EDDV"
"291",2013-10-18,12,9,5,9,7,4,94,82,62,1021,1017,1012,31,13,10,26,18,42,0,6,"Rain",303,"EDDV"
"292",2013-10-19,16,10,4,12,7,4,95,79,51,1021,1013,1008,31,24,9,26,13,NA,0,8,"Rain",129,"EDDV"
"293",2013-10-20,18,16,13,14,13,12,88,79,67,1013,1011,1009,26,14,9,26,13,NA,3.05,6,"Rain",212,"EDDV"
"294",2013-10-21,17,14,12,13,12,10,88,80,69,1014,1013,1011,31,16,8,24,16,NA,0,5,"Rain",210,"EDDV"
"295",2013-10-22,22,17,13,14,12,11,88,72,51,1014,1009,1003,26,26,26,26,16,NA,0.25,NA,NA,161,"EDDV"
"296",2013-10-23,19,18,15,14,13,11,83,73,58,1009,1005,1003,31,15,10,34,18,42,0,5,"Rain",193,"EDDV"
"297",2013-10-24,16,11,7,12,9,6,93,79,47,1020,1016,1010,31,13,10,23,14,NA,0,2,"Fog-Rain",242,"EDDV"
"298",2013-10-25,16,11,6,13,9,5,100,85,74,1020,1015,1011,14,11,10,24,10,NA,0.25,6,"Rain",138,"EDDV"
"299",2013-10-26,19,17,13,14,13,12,98,82,64,1013,1011,1009,26,14,10,27,13,NA,0,6,"Rain",201,"EDDV"
"300",2013-10-27,18,16,13,14,11,8,88,76,49,1009,1004,1000,26,15,8,37,18,66,2.03,5,"Rain",208,"EDDV"
"301",2013-10-28,18,15,12,12,9,6,94,71,52,1003,997,991,27,14,10,52,27,77,4.06,5,"Rain",222,"EDDV"
"302",2013-10-29,13,11,9,7,6,4,82,68,53,1014,1009,1003,31,14,10,34,23,53,0,3,"Rain",228,"EDDV"
"303",2013-10-30,12,9,7,7,6,4,87,78,60,1026,1020,1014,31,15,10,27,16,39,0,2,NA,230,"EDDV"
"304",2013-10-31,12,8,4,5,3,2,87,70,49,1026,1022,1017,31,23,10,24,13,NA,0,7,NA,183,"EDDV"
"305",2013-11-01,12,11,9,8,7,4,87,78,57,1017,1014,1009,31,15,10,23,18,NA,0,6,"Rain",201,"EDDV"
"306",2013-11-02,12,9,7,11,9,6,100,94,73,1010,1002,1000,19,10,6,21,13,NA,4.06,7,"Rain",199,"EDDV"
"307",2013-11-03,12,9,5,10,6,2,94,79,55,1002,1000,997,31,13,8,58,19,71,3.05,6,"Rain-Thunderstorm",232,"EDDV"
"308",2013-11-04,13,9,6,9,6,4,96,82,70,1001,989,981,31,12,4,43,24,61,2.03,6,"Rain",215,"EDDV"
"309",2013-11-05,9,7,5,6,4,2,93,81,56,998,994,990,31,14,10,29,21,35,0,5,"Rain",222,"EDDV"
"310",2013-11-06,9,7,4,9,6,4,100,84,68,1002,997,990,26,11,3,35,21,53,5.08,6,"Rain",240,"EDDV"
"311",2013-11-07,14,11,8,13,10,8,100,90,77,1009,1004,998,31,11,3,39,19,61,2.03,6,"Rain",239,"EDDV"
"312",2013-11-08,12,9,7,9,8,7,100,90,75,1011,1008,1002,19,11,6,16,6,NA,0,6,"Fog-Rain",172,"EDDV"
"313",2013-11-09,10,9,8,9,5,2,93,71,54,1009,1005,1001,31,13,10,45,23,64,0,6,"Rain",218,"EDDV"
"314",2013-11-10,8,6,4,6,4,3,93,84,64,1018,1006,999,31,15,10,34,21,32,0,4,"Rain",268,"EDDV"
"315",2013-11-11,9,7,3,4,3,2,100,78,48,1031,1027,1019,31,15,10,18,11,NA,0,3,NA,243,"EDDV"
"316",2013-11-12,9,7,4,7,3,1,100,74,49,1030,1025,1023,31,15,3,24,16,NA,0,6,"Rain",211,"EDDV"
"317",2013-11-13,10,7,4,7,5,3,100,89,67,1031,1029,1026,26,9,3,21,13,NA,0,4,"Fog-Rain",253,"EDDV"
"318",2013-11-14,8,4,2,4,2,1,94,84,63,1028,1021,1018,23,11,10,21,11,NA,0,5,NA,179,"EDDV"
"319",2013-11-15,8,3,-2,4,2,-2,100,86,67,1032,1028,1021,31,10,1,10,5,NA,0,5,"Fog-Rain",80,"EDDV"
"320",2013-11-16,5,1,-2,4,2,-2,100,97,82,1033,1030,1027,10,3,0,18,8,NA,0,6,"Fog",252,"EDDV"
"321",2013-11-17,8,6,4,6,4,3,100,90,81,1028,1025,1020,10,9,5,13,8,NA,0,7,"Rain",200,"EDDV"
"322",2013-11-18,6,6,4,6,4,3,93,88,81,1021,1012,1007,11,8,3,19,11,NA,0,7,"Rain",173,"EDDV"
"323",2013-11-19,6,6,4,6,3,2,100,85,71,1008,1007,1005,11,8,3,14,10,NA,0.25,7,"Rain",248,"EDDV"
"324",2013-11-20,6,3,-1,6,2,-1,100,92,66,1008,1005,1002,26,11,3,18,10,NA,0,6,"Rain",315,"EDDV"
"325",2013-11-21,2,-1,-3,2,-1,-3,100,98,88,1008,1004,1002,26,7,0,13,10,NA,0,7,"Fog-Rain",49,"EDDV"
"326",2013-11-22,5,3,1,4,2,1,100,96,92,1015,1011,1008,19,9,5,19,11,NA,0,7,"Rain-Snow",13,"EDDV"
"327",2013-11-23,7,4,2,6,4,2,100,95,84,1021,1018,1015,14,8,5,14,11,NA,0.25,7,"Rain",360,"EDDV"
"328",2013-11-24,6,1,-4,5,-1,-5,100,85,47,1027,1022,1019,26,8,0,26,10,NA,0.25,5,"Fog-Rain",301,"EDDV"
"329",2013-11-25,4,-1,-6,1,-3,-6,100,87,57,1033,1029,1027,31,19,10,18,10,NA,0,1,NA,292,"EDDV"
"330",2013-11-26,3,-1,-6,1,-3,-6,100,95,70,1035,1033,1032,26,12,1,11,8,NA,0,1,"Fog",270,"EDDV"
"331",2013-11-27,5,0,-5,5,2,-4,100,96,87,1034,1031,1028,11,5,1,21,10,NA,0.25,7,"Fog-Rain",233,"EDDV"
"332",2013-11-28,8,7,4,8,6,4,100,90,75,1029,1028,1027,19,8,1,24,18,NA,0,7,"Rain",277,"EDDV"
"333",2013-11-29,6,5,4,6,3,1,94,85,76,1028,1017,1007,26,11,6,32,19,50,2.03,6,"Rain",256,"EDDV"
"334",2013-11-30,6,4,3,5,3,1,100,91,81,1025,1016,1007,19,11,10,29,19,NA,0.25,6,"Rain",280,"EDDV"
"335",2013-12-01,8,6,3,7,4,3,100,94,80,1031,1026,1025,23,11,8,27,14,NA,0,5,"Rain",270,"EDDV"
"336",2013-12-02,7,2,-2,5,1,-2,100,97,72,1036,1034,1031,14,3,0,11,6,NA,0,6,"Fog",105,"EDDV"
"337",2013-12-03,5,1,-2,4,0,-2,100,98,77,1033,1029,1025,14,6,0,11,6,NA,0,5,"Fog",120,"EDDV"
"338",2013-12-04,5,1,-3,6,2,-2,100,95,84,1026,1023,1020,13,5,2,23,13,NA,1.02,6,"Rain",253,"EDDV"
"339",2013-12-05,5,3,2,3,2,-1,93,85,54,1026,1012,999,18,11,5,47,24,80,5.08,6,"Rain",246,"EDDV"
"340",2013-12-06,1,0,-1,1,0,-2,100,93,77,1018,1011,1006,31,9,1,47,39,71,3.05,5,"Rain-Snow",272,"EDDV"
"341",2013-12-07,4,2,0,4,1,-2,100,92,82,1023,1021,1018,26,10,2,40,24,NA,0.25,6,"Rain-Snow",265,"EDDV"
"342",2013-12-08,9,6,3,7,6,4,100,89,78,1022,1020,1018,11,8,2,29,16,50,0,7,"Rain",246,"EDDV"
"343",2013-12-09,9,8,8,9,8,6,100,98,83,1031,1024,1019,11,4,2,29,23,47,7.87,8,"Rain",264,"EDDV"
"344",2013-12-10,8,4,0,9,6,0,100,95,86,1036,1034,1031,5,3,0,14,11,NA,0,8,"Fog-Rain",252,"EDDV"
"345",2013-12-11,5,2,0,5,4,1,100,100,98,1035,1034,1032,4,0,0,11,3,NA,0,7,"Fog",176,"EDDV"
"346",2013-12-12,8,3,-2,8,3,-2,100,99,74,1033,1029,1026,11,4,0,14,10,NA,0,6,"Fog",170,"EDDV"
"347",2013-12-13,6,1,-4,5,0,-3,100,95,69,1027,1024,1022,14,8,6,11,5,NA,0,NA,"Fog",188,"EDDV"
"348",2013-12-14,6,2,-1,5,2,-1,100,95,86,1028,1024,1022,10,8,3,19,11,NA,0,6,"Fog-Rain",214,"EDDV"
"349",2013-12-15,8,6,3,6,4,1,93,86,66,1028,1026,1023,26,12,8,26,18,NA,0.76,5,"Rain",204,"EDDV"
"350",2013-12-16,11,8,4,5,2,-1,87,63,44,1026,1023,1022,26,17,10,26,18,NA,0,4,NA,191,"EDDV"
"351",2013-12-17,10,8,5,4,3,1,87,69,46,1025,1023,1022,31,12,10,18,11,NA,0,6,NA,193,"EDDV"
"352",2013-12-18,9,7,4,5,3,1,87,77,62,1024,1018,1011,19,14,10,24,11,NA,0,6,NA,174,"EDDV"
"353",2013-12-19,9,7,5,7,5,3,100,84,64,1014,1007,1003,18,12,6,39,21,NA,2.03,6,"Rain",194,"EDDV"
"354",2013-12-20,6,4,2,4,3,2,100,88,72,1027,1020,1014,14,9,3,23,11,NA,0,6,"Fog-Rain",213,"EDDV"
"355",2013-12-21,7,6,3,2,-1,-4,81,62,33,1027,1023,1015,26,14,10,29,23,42,0,7,NA,200,"EDDV"
"356",2013-12-22,10,8,6,8,4,-4,93,75,32,1016,1013,1011,31,11,10,34,24,42,0.25,6,"Rain",214,"EDDV"
"357",2013-12-23,11,8,6,6,4,3,81,75,60,1016,1011,1001,31,15,10,37,23,55,0,4,"Rain",213,"EDDV"
"358",2013-12-24,14,11,8,7,5,3,71,59,45,1002,994,990,31,20,10,52,40,69,0,6,"Rain",196,"EDDV"
"359",2013-12-25,13,8,3,8,6,2,100,76,56,995,991,986,31,16,10,45,26,60,0.76,6,"Fog-Rain",205,"EDDV"
"360",2013-12-26,6,3,1,6,4,1,100,99,93,1002,997,995,19,4,0,18,6,NA,2.03,7,"Fog-Rain",4,"EDDV"
"361",2013-12-27,10,7,3,5,3,1,95,73,50,1004,999,996,31,10,8,47,23,64,0,6,"Rain",198,"EDDV"
"362",2013-12-28,8,6,4,8,6,4,100,89,60,1005,1000,994,31,11,4,37,21,50,5.08,6,"Fog-Rain",216,"EDDV"
"363",2013-12-29,7,6,4,6,4,3,100,87,76,1022,1013,1005,27,12,10,26,13,NA,0,6,"Fog-Rain",229,"EDDV"
"364",2013-12-30,5,3,2,3,1,-1,93,80,56,1026,1023,1020,31,16,10,40,19,NA,0,4,NA,192,"EDDV"
"365",2013-12-31,7,4,3,1,0,-3,81,69,53,1021,1017,1011,31,17,10,29,19,NA,0,5,NA,168,"EDDV"
"366",2014-01-01,7,4,3,2,1,-3,87,73,50,1012,1009,1004,31,17,10,32,19,NA,0,5,"Rain",170,"EDDV"
"367",2014-01-02,10,7,3,7,4,2,93,79,68,1007,1002,999,31,14,10,35,24,NA,0.25,6,"Rain",185,"EDDV"
"368",2014-01-03,10,7,4,7,5,3,93,82,68,1008,1005,1003,31,14,5,42,18,74,3.05,5,"Rain-Thunderstorm",185,"EDDV"
"369",2014-01-04,8,6,4,5,3,2,93,76,60,1009,1005,997,31,17,10,29,18,48,0.25,3,"Rain",164,"EDDV"
"370",2014-01-05,8,4,2,6,3,0,93,84,64,1011,1004,997,27,15,10,26,11,NA,0.51,4,"Rain",208,"EDDV"
"371",2014-01-06,11,7,2,9,5,0,94,79,67,1011,1006,1004,31,14,10,37,24,53,0.25,6,"Rain",187,"EDDV"
"372",2014-01-07,12,11,9,9,7,5,88,75,55,1013,1011,1005,31,15,10,29,21,45,0,5,"Rain",206,"EDDV"
"373",2014-01-08,10,8,5,9,6,4,94,83,69,1017,1015,1010,27,13,8,34,16,61,3.05,5,"Rain",225,"EDDV"
"374",2014-01-09,13,9,4,9,7,3,94,82,63,1016,1006,999,19,13,10,40,18,63,0.51,6,"Rain",213,"EDDV"
"375",2014-01-10,7,6,4,4,3,3,93,82,66,1015,1012,1006,19,12,10,40,23,61,0,5,"Rain",254,"EDDV"
"376",2014-01-11,7,6,3,5,3,1,93,85,64,1018,1014,1010,26,12,5,32,16,63,3.05,6,"Rain",247,"EDDV"
"377",2014-01-12,5,2,-1,2,1,-1,100,89,72,1024,1021,1017,26,15,10,26,18,NA,0,3,"Rain",248,"EDDV"
"378",2014-01-13,8,3,-2,5,2,-1,100,84,73,1017,1011,1010,19,11,8,21,13,NA,0.25,6,"Rain",169,"EDDV"
"379",2014-01-14,7,3,1,4,3,1,100,93,75,1010,1008,1006,19,11,2,14,10,NA,0,6,"Fog",135,"EDDV"
"380",2014-01-15,6,3,1,4,2,0,100,87,66,1010,1009,1006,18,9,3,23,11,NA,0.25,7,"Rain",154,"EDDV"
"381",2014-01-16,8,6,3,6,4,2,100,90,80,1006,1002,999,19,11,6,23,14,NA,2.03,7,"Rain",149,"EDDV"
"382",2014-01-17,9,7,4,6,4,3,93,79,64,1004,1001,1000,31,14,10,24,14,NA,0,6,"Rain",167,"EDDV"
"383",2014-01-18,8,6,3,4,3,2,100,82,60,1006,1004,1003,27,17,7,24,14,NA,0,7,"Rain",135,"EDDV"
"384",2014-01-19,4,2,0,4,2,0,100,95,84,1006,1004,1003,7,4,2,32,24,NA,0,8,"Rain",98,"EDDV"
"385",2014-01-20,-1,-1,-1,1,-1,-2,100,97,93,1010,1007,1005,6,4,3,23,19,NA,0,8,"Rain",84,"EDDV"
"386",2014-01-21,-1,-2,-2,-1,-2,-2,100,97,93,1014,1012,1010,6,4,3,13,10,NA,0,8,"Rain-Snow",82,"EDDV"
"387",2014-01-22,-2,-2,-3,-1,-2,-4,100,95,86,1018,1015,1013,5,3,2,23,14,NA,0,8,"Rain-Snow",97,"EDDV"
"388",2014-01-23,-2,-3,-3,-2,-4,-4,100,92,85,1019,1016,1012,6,3,2,24,18,NA,0.25,7,"Snow",110,"EDDV"
"389",2014-01-24,-4,-4,-5,-3,-6,-7,100,89,78,1023,1017,1012,7,5,3,26,21,NA,0,7,"Snow",90,"EDDV"
"390",2014-01-25,-6,-8,-11,-7,-10,-12,93,85,77,1024,1020,1009,8,6,3,26,18,NA,0,7,NA,107,"EDDV"
"391",2014-01-26,-6,-8,-10,-7,-11,-12,93,86,74,1013,1007,995,10,6,1,27,21,NA,0.25,7,"Snow",105,"EDDV"
"392",2014-01-27,5,-2,-9,2,-1,-7,100,84,59,999,994,990,26,11,1,24,18,NA,0.25,5,"Rain-Snow",164,"EDDV"
"393",2014-01-28,4,2,-1,0,-1,-3,94,84,65,1005,1002,999,31,16,3,23,16,NA,0,4,NA,118,"EDDV"
"394",2014-01-29,-4,-4,-6,-2,-6,-7,100,89,81,1010,1006,1004,10,5,3,29,23,NA,0,8,"Rain-Snow",98,"EDDV"
"395",2014-01-30,-1,-3,-6,-4,-6,-7,93,83,72,1012,1010,1009,10,8,5,26,21,NA,0,6,NA,97,"EDDV"
"396",2014-01-31,2,-2,-6,-2,-4,-6,93,84,64,1011,1009,1005,8,5,3,19,14,NA,0,7,NA,119,"EDDV"
"397",2014-02-01,5,1,-3,3,0,-2,93,78,56,1006,1002,998,14,8,6,40,21,NA,2.03,7,"Rain",172,"EDDV"
"398",2014-02-02,7,4,2,2,2,0,93,85,61,1019,1012,1006,26,16,10,21,11,NA,0,8,NA,170,"EDDV"
"399",2014-02-03,3,1,-1,2,0,-2,100,93,83,1019,1015,1008,19,9,3,26,10,42,0,7,"Fog",101,"EDDV"
"400",2014-02-04,7,4,1,3,1,-1,93,82,64,1011,1009,1007,14,10,8,19,11,NA,0,7,NA,152,"EDDV"
"401",2014-02-05,7,2,-2,2,0,-2,100,80,56,1008,1001,997,19,12,9,29,13,39,0,6,NA,140,"EDDV"
"402",2014-02-06,10,7,4,3,2,1,81,68,45,1005,1002,997,26,13,10,29,21,NA,1.02,5,"Rain",190,"EDDV"
"403",2014-02-07,14,10,6,6,4,2,87,68,45,1001,993,987,31,12,10,52,27,82,0.51,6,"Rain",202,"EDDV"
"404",2014-02-08,9,7,3,4,3,1,87,74,54,1001,994,989,31,13,10,35,23,39,0.25,6,"Rain",185,"EDDV"
"405",2014-02-09,9,7,5,3,0,-2,76,60,34,997,992,989,31,17,10,40,24,63,0,5,"Rain",205,"EDDV"
"406",2014-02-10,7,4,2,2,0,-1,87,70,51,999,997,995,31,24,10,23,16,NA,0.51,8,"Rain",139,"EDDV"
"407",2014-02-11,7,5,3,4,2,0,93,79,55,1002,999,996,19,10,5,29,14,NA,0.25,7,"Rain",219,"EDDV"
"408",2014-02-12,8,4,2,3,1,-1,93,73,48,1008,1004,998,19,13,8,32,18,NA,0,5,"Rain",202,"EDDV"
"409",2014-02-13,8,6,3,4,2,0,100,75,53,999,995,992,31,12,6,40,26,60,1.02,6,"Rain",198,"EDDV"
"410",2014-02-14,8,6,2,3,2,0,97,75,50,1008,1003,998,31,14,10,37,19,60,1.02,5,"Rain",208,"EDDV"
"411",2014-02-15,13,9,5,6,4,2,81,63,39,1000,996,993,31,14,10,39,27,55,1.02,6,"Rain",194,"EDDV"
"412",2014-02-16,9,7,4,4,1,-2,87,65,40,1011,1005,1000,31,14,6,40,26,60,0,4,"Rain",243,"EDDV"
"413",2014-02-17,9,4,1,5,3,-1,100,80,60,1017,1013,1011,31,14,10,14,8,NA,0.51,5,"Rain",212,"EDDV"
"414",2014-02-18,8,4,2,3,2,1,93,78,56,1018,1014,1010,31,14,10,21,10,NA,0,6,NA,169,"EDDV"
"415",2014-02-19,8,6,4,6,4,1,93,83,67,1014,1011,1009,26,10,6,21,11,NA,0.25,6,"Rain",230,"EDDV"
"416",2014-02-20,11,8,6,6,4,3,87,72,52,1014,1010,1004,31,11,6,32,14,NA,0.25,6,"Rain",198,"EDDV"
"417",2014-02-21,10,7,4,7,4,2,93,79,53,1010,1005,1002,26,13,10,32,19,47,1.02,6,"Rain",227,"EDDV"
"418",2014-02-22,8,6,3,3,2,0,87,77,60,1019,1012,1009,31,15,10,27,18,NA,0,4,"Rain",210,"EDDV"
"419",2014-02-23,10,6,2,2,1,0,93,72,46,1022,1020,1018,31,17,10,29,13,40,0,2,NA,185,"EDDV"
"420",2014-02-24,13,7,0,1,-1,-2,87,58,24,1021,1016,1013,31,27,26,32,16,NA,0,NA,NA,147,"EDDV"
"421",2014-02-25,14,9,4,4,1,-1,70,56,37,1014,1011,1009,31,23,10,29,13,NA,0,6,NA,168,"EDDV"
"422",2014-02-26,12,8,3,6,4,2,100,74,53,1020,1015,1012,31,18,10,14,10,NA,0,6,"Rain",218,"EDDV"
"423",2014-02-27,12,7,1,5,2,0,100,76,40,1020,1015,1008,11,7,0,27,8,NA,0,3,"Fog",178,"EDDV"
"424",2014-02-28,8,4,1,4,2,-1,93,79,56,1009,1005,1003,26,11,9,16,10,NA,0,6,"Rain",160,"EDDV"
"425",2014-03-01,10,4,-1,5,2,-1,100,83,51,1004,1002,1001,19,11,8,16,10,NA,0,7,"Rain",88,"EDDV"
"426",2014-03-02,8,4,0,4,2,-1,100,80,47,1005,1002,999,26,10,2,21,8,NA,0,6,"Fog-Rain",184,"EDDV"
"427",2014-03-03,11,4,-1,4,2,-2,100,77,49,1000,994,991,26,11,8,32,13,NA,0,6,NA,137,"EDDV"
"428",2014-03-04,12,4,-3,4,2,-2,100,81,45,1009,1003,998,26,8,0,11,3,NA,0,5,"Fog",332,"EDDV"
"429",2014-03-05,11,4,-2,6,3,-2,100,88,55,1026,1017,1009,10,7,1,19,6,NA,0,3,"Fog",278,"EDDV"
"430",2014-03-06,11,4,-3,7,2,-2,100,92,53,1031,1029,1026,8,2,0,14,6,NA,0,5,"Fog",118,"EDDV"
"431",2014-03-07,13,8,2,4,2,1,93,68,33,1029,1026,1024,10,7,3,14,8,NA,0,6,"Fog-Rain",200,"EDDV"
"432",2014-03-08,13,7,1,6,4,1,100,74,43,1035,1032,1028,31,15,8,26,11,NA,0,4,"Fog",113,"EDDV"
"433",2014-03-09,20,12,4,4,3,1,81,54,18,1032,1029,1027,26,21,10,29,18,NA,0,NA,"Fog",159,"EDDV"
"434",2014-03-10,21,11,1,4,1,-5,93,49,9,1028,1026,1023,31,20,10,16,10,NA,0,NA,"Fog",16,"EDDV"
"435",2014-03-11,13,8,3,7,4,2,100,80,59,1036,1032,1027,19,9,3,16,10,NA,0,6,"Fog",52,"EDDV"
"436",2014-03-12,15,7,-1,5,0,-3,100,65,20,1036,1034,1031,31,22,14,21,10,NA,0,NA,NA,90,"EDDV"
"437",2014-03-13,16,8,-1,2,0,-3,87,62,20,1031,1028,1026,31,22,14,14,6,NA,0,NA,NA,343,"EDDV"
"438",2014-03-14,11,4,-3,6,2,-3,100,86,43,1029,1024,1014,26,6,0,26,8,NA,0,7,"Fog",276,"EDDV"
"439",2014-03-15,9,7,4,6,4,-2,93,76,33,1017,1014,1011,31,11,3,40,32,58,1.02,6,"Rain",281,"EDDV"
"440",2014-03-16,11,9,7,9,8,5,100,90,74,1016,1012,1009,26,9,3,42,34,60,0.25,7,"Rain",275,"EDDV"
"441",2014-03-17,11,9,8,8,6,5,95,77,60,1018,1016,1014,26,12,5,34,24,45,0,7,"Rain",267,"EDDV"
"442",2014-03-18,10,8,7,7,6,4,93,80,69,1017,1013,1009,26,10,5,26,16,45,0,6,"Rain",246,"EDDV"
"443",2014-03-19,14,10,7,7,6,4,93,73,45,1020,1016,1009,31,14,6,35,24,58,0,6,"Rain",260,"EDDV"
"444",2014-03-20,20,13,7,7,4,1,82,51,19,1019,1014,1006,31,24,18,32,18,NA,0,NA,NA,210,"EDDV"
"445",2014-03-21,17,10,3,9,5,2,100,64,29,1011,1006,1002,31,15,10,45,16,63,2.03,5,"Rain",241,"EDDV"
"446",2014-03-22,12,7,2,6,3,1,93,76,38,1010,1004,1000,31,14,10,26,13,40,0,6,"Rain",200,"EDDV"
"447",2014-03-23,11,6,1,3,2,-1,100,75,37,1009,1005,1003,31,16,10,27,11,NA,0,5,"Fog-Rain",245,"EDDV"
"448",2014-03-24,9,4,0,4,2,0,100,87,54,1014,1011,1009,26,11,3,13,6,NA,5.08,4,"Fog-Rain-Hail",286,"EDDV"
"449",2014-03-25,9,3,-3,3,0,-2,100,82,39,1014,1012,1010,31,12,0,19,8,NA,0,4,"Fog",312,"EDDV"
"450",2014-03-26,11,4,-2,3,0,-3,100,73,28,1019,1015,1011,31,13,10,27,8,40,0,3,"Fog-Rain",125,"EDDV"
"451",2014-03-27,13,7,2,3,1,-1,93,67,29,1019,1017,1015,31,17,10,32,19,NA,0,1,NA,82,"EDDV"
"452",2014-03-28,10,6,2,6,4,1,100,85,62,1023,1021,1018,26,9,5,26,18,NA,0,6,NA,86,"EDDV"
"453",2014-03-29,18,11,4,8,6,3,100,72,30,1024,1022,1020,19,5,2,19,14,NA,0,6,"Fog",99,"EDDV"
"454",2014-03-30,20,12,3,10,6,4,100,75,30,1021,1017,1015,10,4,0,14,8,NA,0,3,"Fog",66,"EDDV"
"455",2014-03-31,16,10,5,11,8,4,100,88,63,1016,1015,1014,10,5,0,11,6,NA,0,6,"Fog",287,"EDDV"
"456",2014-04-01,19,12,5,9,7,4,93,71,39,1015,1012,1010,11,7,3,21,10,NA,0.25,6,"Rain",93,"EDDV"
"457",2014-04-02,22,13,6,10,7,5,100,67,25,1011,1008,1005,14,8,3,14,10,NA,0,NA,"Fog",89,"EDDV"
"458",2014-04-03,22,13,4,11,8,4,100,70,32,1006,1004,1003,14,8,2,26,6,NA,0,4,"Fog",73,"EDDV"
"459",2014-04-04,11,9,8,9,8,6,100,87,63,1012,1009,1006,11,6,3,24,18,NA,0.51,7,"Rain",86,"EDDV"
"460",2014-04-05,13,10,7,11,8,6,100,92,72,1017,1014,1012,8,5,0,14,8,NA,1.02,7,"Fog-Rain",90,"EDDV"
"461",2014-04-06,19,11,4,12,8,4,100,81,45,1018,1017,1016,19,6,0,23,6,NA,0.25,5,"Fog-Rain",215,"EDDV"
"462",2014-04-07,21,17,13,13,12,10,82,70,46,1017,1014,1008,31,14,10,19,11,NA,0,6,"Rain",202,"EDDV"
"463",2014-04-08,14,9,5,11,7,2,87,72,47,1017,1011,1006,31,14,10,40,21,60,2.03,4,"Rain",248,"EDDV"
"464",2014-04-09,11,8,4,8,6,3,97,86,65,1021,1020,1017,31,12,5,35,24,55,2.03,5,"Rain",275,"EDDV"
"465",2014-04-10,12,10,8,10,9,8,100,91,76,1022,1021,1020,19,8,3,26,14,NA,0.25,7,"Rain",285,"EDDV"
"466",2014-04-11,11,9,7,9,8,6,100,90,74,1021,1019,1018,26,11,3,11,6,NA,1.02,6,"Rain",260,"EDDV"
"467",2014-04-12,15,7,-1,9,6,0,100,81,48,1020,1017,1015,19,8,0,19,6,NA,0,5,"Fog",291,"EDDV"
"468",2014-04-13,14,10,7,7,4,3,87,67,44,1017,1016,1014,26,12,6,29,16,45,0,5,"Rain",266,"EDDV"
"469",2014-04-14,11,7,4,6,3,1,87,76,50,1017,1012,1008,31,14,7,48,27,74,2.03,5,"Rain",285,"EDDV"
"470",2014-04-15,10,7,3,4,2,1,88,75,49,1027,1022,1017,26,14,10,35,23,NA,0,5,"Rain",295,"EDDV"
"471",2014-04-16,14,6,-3,4,0,-2,100,67,24,1032,1030,1028,31,11,1,11,6,NA,0,2,"Fog",162,"EDDV"
"472",2014-04-17,16,10,4,4,0,-3,62,46,20,1029,1021,1010,31,24,10,29,14,48,1.02,8,"Rain",199,"EDDV"
"473",2014-04-18,11,8,5,7,6,3,100,86,46,1015,1011,1009,31,11,5,34,19,NA,7.11,6,"Rain",302,"EDDV"
"474",2014-04-19,17,9,2,9,6,2,100,82,45,1021,1017,1015,31,10,0,27,10,NA,0,5,"Fog-Rain",56,"EDDV"
"475",2014-04-20,20,13,6,10,7,5,100,68,27,1016,1011,1009,31,15,8,34,14,NA,0,2,"Fog",76,"EDDV"
"476",2014-04-21,18,14,10,11,9,7,100,78,51,1010,1007,1005,26,11,5,26,11,NA,3.05,4,"Fog-Rain",76,"EDDV"
"477",2014-04-22,18,12,6,12,9,6,100,82,56,1015,1010,1007,26,10,0,11,6,NA,0,5,"Fog-Rain",114,"EDDV"
"478",2014-04-23,22,13,5,13,10,5,100,79,42,1021,1019,1015,26,8,0,11,6,NA,0,6,"Fog",284,"EDDV"
"479",2014-04-24,18,14,10,13,12,10,100,89,67,1022,1020,1018,18,5,0,18,11,NA,0,6,"Fog",82,"EDDV"
"480",2014-04-25,22,16,8,13,11,8,100,78,36,1019,1015,1012,26,7,0,24,13,NA,0,4,"Fog",84,"EDDV"
"481",2014-04-26,22,15,8,14,11,7,94,70,41,1013,1011,1007,27,14,5,21,11,NA,2.03,6,"Thunderstorm",92,"EDDV"
"482",2014-04-27,20,16,12,14,12,11,100,87,48,1009,1007,1005,26,7,1,26,13,NA,9.91,6,"Rain-Thunderstorm",21,"EDDV"
"483",2014-04-28,19,14,10,13,12,9,100,86,57,1012,1010,1009,27,9,0,14,6,NA,0,6,"Fog",359,"EDDV"
"484",2014-04-29,22,13,5,11,8,4,100,68,22,1013,1011,1010,31,16,2,14,6,NA,0,4,"Fog",75,"EDDV"
"485",2014-04-30,21,13,6,15,9,5,100,77,27,1011,1010,1009,31,9,0,16,5,NA,0,5,"Fog-Thunderstorm",308,"EDDV"
"486",2014-05-01,14,12,10,11,10,7,100,87,71,1012,1011,1010,26,10,3,14,8,NA,4.06,6,"Rain",339,"EDDV"
"487",2014-05-02,9,8,6,7,5,1,93,80,59,1022,1017,1012,31,12,9,23,14,NA,0,6,"Rain",57,"EDDV"
"488",2014-05-03,14,7,0,4,1,-3,93,61,25,1026,1024,1022,26,16,10,19,11,32,0,2,NA,356,"EDDV"
"489",2014-05-04,9,5,1,5,2,0,100,76,51,1025,1023,1021,31,14,10,21,8,NA,0,6,NA,275,"EDDV"
"490",2014-05-05,16,10,4,5,3,1,100,63,26,1022,1019,1014,31,16,10,14,5,NA,0,6,"Fog",124,"EDDV"
"491",2014-05-06,18,12,7,12,8,4,88,72,48,1015,1010,1007,31,15,10,23,13,NA,0.25,7,"Rain",153,"EDDV"
"492",2014-05-07,16,13,10,12,10,8,100,83,51,1011,1008,1004,31,13,8,26,16,40,1.02,5,"Rain",240,"EDDV"
"493",2014-05-08,14,12,9,9,8,7,94,81,59,1011,1010,1006,31,15,10,26,14,40,0.51,6,"Rain",217,"EDDV"
"494",2014-05-09,17,13,8,12,10,6,100,84,50,1011,1007,1004,31,13,5,34,19,55,1.02,6,"Rain",236,"EDDV"
"495",2014-05-10,14,11,8,12,8,6,95,85,64,1013,1009,1001,31,13,8,29,19,NA,3.05,6,"Rain",215,"EDDV"
"496",2014-05-11,13,11,9,11,7,6,88,76,51,1003,1001,1000,26,12,10,37,21,50,3.05,6,"Rain",234,"EDDV"
"497",2014-05-12,13,11,9,9,8,7,94,85,64,1010,1006,1003,31,13,9,32,21,50,3.05,6,"Rain",246,"EDDV"
"498",2014-05-13,14,10,7,9,7,4,100,81,52,1019,1013,1010,31,9,3,26,13,34,1.02,5,"Rain",279,"EDDV"
"499",2014-05-14,14,9,5,7,5,3,100,75,48,1029,1024,1020,31,12,8,29,16,NA,0.76,3,"Rain",297,"EDDV"
"500",2014-05-15,15,10,6,9,7,4,93,80,57,1034,1032,1029,31,15,10,23,13,NA,0,6,"Rain",311,"EDDV"
"501",2014-05-16,18,11,3,10,6,-1,100,73,18,1035,1031,1026,31,12,1,23,11,NA,0,2,"Fog",318,"EDDV"
"502",2014-05-17,19,12,6,12,10,6,100,84,55,1027,1023,1019,31,8,0,21,11,NA,0,6,"Fog",318,"EDDV"
"503",2014-05-18,20,14,8,13,10,8,100,83,43,1020,1015,1011,31,11,3,26,10,NA,0.76,6,"Fog-Rain",323,"EDDV"
"504",2014-05-19,20,15,10,12,11,10,100,80,50,1012,1010,1009,31,11,4,18,8,NA,0,5,"Fog-Rain",80,"EDDV"
"505",2014-05-20,28,19,10,16,11,8,100,60,21,1013,1012,1010,31,12,3,23,8,NA,0,1,"Fog",114,"EDDV"
"506",2014-05-21,28,21,13,14,12,9,88,54,21,1014,1012,1009,31,31,31,19,10,NA,0,NA,NA,118,"EDDV"
"507",2014-05-22,28,22,15,14,12,9,82,54,22,1010,1008,1007,26,15,10,27,11,NA,0,6,"Rain-Thunderstorm",236,"EDDV"
"508",2014-05-23,18,15,12,14,13,12,100,86,66,1013,1010,1007,31,11,1,29,14,47,2.03,5,"Fog-Rain-Thunderstorm",273,"EDDV"
"509",2014-05-24,23,16,8,15,12,8,100,83,39,1017,1014,1013,31,8,0,32,5,60,3.05,4,"Fog-Rain-Thunderstorm",83,"EDDV"
"510",2014-05-25,23,17,11,13,10,5,100,66,23,1022,1020,1017,26,9,1,13,5,NA,0,2,"Fog",290,"EDDV"
"511",2014-05-26,25,18,11,15,12,9,88,63,29,1021,1017,1013,31,17,10,29,13,NA,0,6,NA,72,"EDDV"
"512",2014-05-27,18,14,11,16,12,8,100,82,51,1013,1011,1010,31,13,6,26,16,NA,7.11,6,"Rain",66,"EDDV"
"513",2014-05-28,11,10,8,11,9,8,100,95,88,1016,1013,1011,19,10,5,23,18,NA,12.95,8,"Rain",65,"EDDV"
"514",2014-05-29,12,9,7,8,6,3,100,79,57,1021,1018,1016,26,11,10,26,18,NA,0,7,"Rain",68,"EDDV"
"515",2014-05-30,18,11,3,8,6,3,100,69,28,1023,1022,1021,31,11,2,14,5,NA,0,3,"Fog",314,"EDDV"
"516",2014-05-31,19,13,7,10,7,2,100,65,23,1022,1021,1020,31,12,6,26,13,47,0,1,"Fog",297,"EDDV"
"517",2014-06-01,17,11,6,9,7,4,100,71,33,1022,1021,1020,31,12,9,19,6,NA,0,4,"Fog",307,"EDDV"
"518",2014-06-02,20,15,10,10,7,4,88,64,25,1021,1020,1017,31,14,10,11,6,NA,0,5,NA,62,"EDDV"
"519",2014-06-03,23,14,6,11,7,2,100,59,17,1018,1015,1012,31,15,10,11,3,NA,0,1,"Fog",290,"EDDV"
"520",2014-06-04,23,17,11,14,10,8,88,64,30,1013,1008,1005,31,13,10,37,11,58,2.03,5,"Rain-Thunderstorm",121,"EDDV"
"521",2014-06-05,17,14,12,14,9,5,97,72,41,1016,1010,1006,31,11,9,34,18,50,0,5,"Rain",217,"EDDV"
"522",2014-06-06,23,17,9,11,8,4,87,55,19,1019,1017,1016,10,10,10,18,10,NA,0,4,NA,190,"EDDV"
"523",2014-06-07,29,20,11,16,12,9,88,57,25,1017,1015,1014,NA,NA,NA,11,6,NA,0,NA,NA,89,"EDDV"
"524",2014-06-08,32,24,16,19,16,15,94,66,31,1020,1017,1016,31,12,10,35,8,60,0,4,"Fog-Thunderstorm",33,"EDDV"
"525",2014-06-09,29,21,14,21,17,14,100,75,34,1023,1019,1016,31,10,0,26,10,NA,0.25,5,"Fog-Rain-Thunderstorm",91,"EDDV"
"526",2014-06-10,29,23,17,21,18,16,94,74,42,1021,1018,1016,31,12,5,37,13,39,0.25,6,"Rain-Thunderstorm",160,"EDDV"
"527",2014-06-11,20,17,14,20,16,12,100,85,65,1026,1023,1020,31,13,10,23,10,NA,2.03,7,"Rain-Thunderstorm",297,"EDDV"
"528",2014-06-12,22,16,10,13,11,9,96,70,38,1028,1026,1024,31,13,10,19,10,NA,0,3,NA,308,"EDDV"
"529",2014-06-13,20,14,9,14,11,9,94,76,54,1025,1021,1018,31,11,10,29,13,50,0,4,"Rain",293,"EDDV"
"530",2014-06-14,19,16,11,13,11,9,88,76,56,1021,1019,1018,31,12,10,19,13,NA,0.51,4,"Rain",303,"EDDV"
"531",2014-06-15,21,16,10,13,11,7,100,74,38,1023,1021,1020,31,9,1,21,11,NA,0,6,"Fog",304,"EDDV"
"532",2014-06-16,16,12,8,13,10,8,100,82,62,1023,1021,1019,31,13,10,24,13,NA,0,6,"Rain",285,"EDDV"
"533",2014-06-17,22,17,12,14,12,10,94,75,46,1022,1020,1019,31,11,9,14,8,26,0,6,"Rain",297,"EDDV"
"534",2014-06-18,20,14,9,14,12,9,100,78,55,1022,1021,1019,31,11,6,26,13,NA,0,5,"Fog-Rain",290,"EDDV"
"535",2014-06-19,17,14,12,13,11,9,95,80,57,1020,1017,1015,31,12,3,39,18,NA,1.02,6,"Rain",280,"EDDV"
"536",2014-06-20,16,13,11,12,11,9,100,81,61,1017,1015,1014,31,11,3,35,23,42,0.51,6,"Rain",293,"EDDV"
"537",2014-06-21,16,13,11,13,10,9,94,79,63,1017,1016,1016,31,14,10,26,16,NA,1.02,6,"Rain",276,"EDDV"
"538",2014-06-22,19,14,10,13,10,6,95,74,40,1021,1018,1016,31,14,7,32,16,NA,1.02,4,"Rain",287,"EDDV"
"539",2014-06-23,19,13,7,10,8,6,94,70,38,1023,1021,1019,10,10,10,24,11,NA,0,4,NA,292,"EDDV"
"540",2014-06-24,19,14,9,14,11,8,94,81,51,1020,1017,1015,31,12,10,29,10,53,3.05,6,"Rain-Thunderstorm",287,"EDDV"
"541",2014-06-25,18,14,10,11,10,7,100,79,46,1016,1015,1014,23,10,9,19,8,NA,2.03,4,"Rain",344,"EDDV"
"542",2014-06-26,20,14,9,12,9,7,100,73,39,1017,1016,1015,31,12,10,23,3,NA,1.02,5,"Rain-Thunderstorm",136,"EDDV"
"543",2014-06-27,24,16,8,14,11,8,100,67,30,1017,1015,1012,31,14,10,18,8,NA,0,6,"Fog",158,"EDDV"
"544",2014-06-28,21,18,14,15,13,12,100,78,54,1013,1011,1007,31,12,5,19,8,NA,4.06,7,"Rain",255,"EDDV"
"545",2014-06-29,18,15,12,14,13,11,100,89,68,1010,1007,1005,31,10,5,21,8,NA,2.03,7,"Rain",299,"EDDV"
"546",2014-06-30,19,16,12,13,12,10,100,83,52,1017,1013,1010,31,11,6,29,10,NA,3.05,5,"Fog-Rain",276,"EDDV"
"547",2014-07-01,19,14,10,11,9,6,94,70,39,1019,1018,1017,31,14,10,23,10,NA,0,3,"Fog",280,"EDDV"
"548",2014-07-02,19,14,8,12,11,8,100,78,54,1023,1021,1019,26,12,10,23,10,NA,0,4,"Fog-Rain",280,"EDDV"
"549",2014-07-03,24,17,9,12,9,6,100,62,21,1024,1021,1018,27,17,10,23,6,NA,0,6,"Fog",218,"EDDV"
"550",2014-07-04,29,21,12,16,12,10,88,56,23,1019,1013,1007,31,17,10,18,6,NA,0,5,"Fog-Rain",175,"EDDV"
"551",2014-07-05,27,22,16,18,16,14,88,70,43,1009,1006,1005,31,14,10,32,8,47,0,5,"Rain-Thunderstorm",230,"EDDV"
"552",2014-07-06,29,23,18,18,16,14,88,63,31,1010,1009,1007,31,13,10,29,14,45,1.02,4,NA,167,"EDDV"
"553",2014-07-07,23,19,16,18,14,11,94,70,40,1019,1015,1008,31,14,10,26,13,NA,0,5,"Rain-Thunderstorm",300,"EDDV"
"554",2014-07-08,19,17,15,18,16,13,100,91,71,1015,1009,1005,31,9,1,19,11,NA,17.02,7,"Rain",5,"EDDV"
"555",2014-07-09,24,19,14,21,17,14,100,96,79,1006,1004,1002,13,7,1,23,14,32,7.87,7,"Rain-Thunderstorm",315,"EDDV"
"556",2014-07-10,27,22,16,21,18,16,100,85,54,1011,1008,1006,31,11,0,29,8,66,2.03,5,"Fog-Rain-Thunderstorm",349,"EDDV"
"557",2014-07-11,27,21,15,18,15,9,100,69,29,1014,1012,1011,31,14,10,23,10,NA,0,2,"Fog",39,"EDDV"
"558",2014-07-12,24,17,10,14,11,6,100,66,23,1014,1013,1011,31,16,10,21,8,NA,0,3,"Fog",36,"EDDV"
"559",2014-07-13,21,17,13,17,14,12,100,83,63,1012,1008,1005,31,12,8,14,8,NA,2.03,6,"Rain-Thunderstorm",204,"EDDV"
"560",2014-07-14,23,19,14,17,16,13,94,81,59,1016,1010,1006,31,12,6,26,13,37,0,6,"Rain",252,"EDDV"
"561",2014-07-15,24,18,13,17,13,11,94,70,36,1021,1019,1016,31,15,9,21,11,NA,0,4,"Rain",248,"EDDV"
"562",2014-07-16,25,19,13,17,14,13,100,75,38,1023,1021,1020,26,8,2,14,6,NA,0,3,"Fog",307,"EDDV"
"563",2014-07-17,29,21,12,16,14,12,100,65,29,1023,1021,1020,31,18,10,11,5,NA,0,6,"Fog",49,"EDDV"
"564",2014-07-18,31,23,16,17,14,12,88,56,20,1021,1019,1016,31,21,10,19,10,34,0,6,NA,107,"EDDV"
"565",2014-07-19,33,25,17,16,13,9,83,48,16,1017,1015,1012,31,28,26,21,13,NA,0,NA,NA,100,"EDDV"
"566",2014-07-20,30,24,18,22,17,13,88,62,34,1012,1010,1008,31,17,10,16,11,NA,0,6,"Rain-Thunderstorm",81,"EDDV"
"567",2014-07-21,25,22,19,21,19,14,100,82,54,1014,1011,1009,19,10,3,19,11,NA,0,7,"Rain-Thunderstorm",333,"EDDV"
"568",2014-07-22,29,22,14,18,16,13,94,68,33,1020,1017,1014,31,14,10,19,11,NA,0,6,NA,34,"EDDV"
"569",2014-07-23,28,21,14,16,13,9,88,55,21,1021,1019,1017,10,10,10,23,14,NA,0,1,NA,53,"EDDV"
"570",2014-07-24,24,19,13,18,13,11,94,71,41,1018,1017,1016,31,12,10,34,13,NA,3.05,6,"Rain-Thunderstorm",50,"EDDV"
"571",2014-07-25,20,18,16,19,17,15,100,95,88,1018,1015,1013,19,9,3,14,8,NA,29.97,7,"Rain",33,"EDDV"
"572",2014-07-26,26,21,17,19,17,15,100,83,46,1014,1013,1013,31,9,2,24,5,NA,0,5,"Fog-Rain-Thunderstorm",91,"EDDV"
"573",2014-07-27,26,20,14,19,17,15,100,76,48,1015,1014,1013,31,13,8,24,8,NA,0,2,"Fog-Thunderstorm",280,"EDDV"
"574",2014-07-28,28,21,14,20,17,14,100,79,48,1015,1013,1010,31,11,0,19,6,NA,0,4,"Fog-Rain",51,"EDDV"
"575",2014-07-29,27,22,17,19,18,16,100,78,48,1011,1010,1007,26,13,8,26,8,NA,0,6,"Rain-Thunderstorm",21,"EDDV"
"576",2014-07-30,23,19,15,19,17,13,100,86,55,1013,1010,1007,31,9,3,26,10,NA,0.51,6,"Rain",315,"EDDV"
"577",2014-07-31,24,19,13,15,13,12,100,72,35,1016,1015,1013,31,14,10,16,8,NA,0,2,"Fog",289,"EDDV"
"578",2014-08-01,28,21,14,14,13,11,88,58,25,1015,1012,1010,31,17,10,21,10,NA,0,3,"Fog",126,"EDDV"
"579",2014-08-02,29,22,15,19,16,13,88,64,36,1011,1008,1006,31,21,10,23,11,NA,0,6,"Rain",114,"EDDV"
"580",2014-08-03,27,23,19,18,17,15,88,69,46,1012,1009,1007,31,16,10,21,8,NA,0,6,"Rain-Thunderstorm",287,"EDDV"
"581",2014-08-04,24,20,17,18,17,15,100,84,65,1016,1014,1012,31,13,6,11,8,NA,3.05,5,"Rain-Thunderstorm",37,"EDDV"
"582",2014-08-05,22,18,14,17,15,11,100,86,48,1019,1018,1016,31,10,5,21,8,NA,7.11,5,"Fog-Rain",295,"EDDV"
"583",2014-08-06,25,18,10,14,12,10,100,66,32,1020,1017,1014,31,13,10,16,6,NA,0,6,"Fog",120,"EDDV"
"584",2014-08-07,23,19,16,17,16,13,100,81,55,1016,1014,1014,31,12,5,13,6,NA,0,5,"Rain",310,"EDDV"
"585",2014-08-08,26,19,12,17,15,12,100,76,44,1016,1014,1008,26,9,0,16,6,NA,0,4,"Fog-Rain",78,"EDDV"
"586",2014-08-09,23,19,15,16,13,11,82,61,37,1014,1009,1004,31,16,10,35,18,58,0,4,"Rain",200,"EDDV"
"587",2014-08-10,26,20,14,19,15,11,88,72,51,1014,1008,1002,31,14,10,32,13,48,0,5,"Rain",142,"EDDV"
"588",2014-08-11,22,19,15,18,11,7,83,61,28,1012,1009,1003,31,10,10,34,21,53,0,2,"Rain",242,"EDDV"
"589",2014-08-12,21,18,13,13,11,7,88,65,31,1011,1010,1009,31,11,10,32,18,60,0.51,4,"Rain",219,"EDDV"
"590",2014-08-13,23,17,11,16,12,9,88,72,39,1010,1006,1003,14,10,10,16,10,NA,0.51,5,"Rain",222,"EDDV"
"591",2014-08-14,22,17,12,14,12,11,88,77,45,1010,1008,1006,31,14,10,26,13,NA,0,4,"Rain",233,"EDDV"
"592",2014-08-15,21,17,12,14,12,11,96,81,53,1013,1011,1010,31,10,5,23,8,NA,0.76,5,"Fog-Rain-Thunderstorm",250,"EDDV"
"593",2014-08-16,19,16,11,14,12,9,98,82,48,1016,1015,1013,31,12,10,35,13,NA,3.05,5,"Rain",264,"EDDV"
"594",2014-08-17,17,15,13,12,11,10,88,74,57,1015,1009,1004,31,15,10,32,18,53,0,6,"Rain",222,"EDDV"
"595",2014-08-18,17,14,12,13,11,8,94,78,46,1007,1004,1002,31,14,6,37,21,61,3.05,4,"Rain",238,"EDDV"
"596",2014-08-19,15,13,11,12,11,8,94,83,58,1011,1009,1008,31,13,10,26,16,42,2.03,5,"Rain",233,"EDDV"
"597",2014-08-20,18,13,9,10,8,7,88,74,42,1016,1014,1011,31,13,10,40,18,NA,0,3,"Rain",250,"EDDV"
"598",2014-08-21,18,13,9,10,8,7,94,71,36,1017,1015,1014,31,15,6,23,10,NA,0,3,"Rain",243,"EDDV"
"599",2014-08-22,18,15,11,11,9,8,94,67,41,1015,1012,1010,31,15,10,26,13,NA,0.25,6,"Rain",208,"EDDV"
"600",2014-08-23,18,14,10,11,10,8,94,81,47,1014,1012,1011,31,11,8,26,10,NA,1.02,4,"Rain",248,"EDDV"
"601",2014-08-24,18,13,8,11,8,7,94,79,43,1018,1016,1014,31,13,10,26,11,39,0,4,"Rain",255,"EDDV"
"602",2014-08-25,18,12,6,10,8,5,100,72,33,1018,1015,1010,31,14,2,18,8,NA,0,2,"Fog-Rain",259,"EDDV"
"603",2014-08-26,18,13,9,11,9,7,95,74,39,1011,1008,1006,31,15,10,14,8,NA,0,7,"Rain",67,"EDDV"
"604",2014-08-27,21,13,6,14,9,6,100,80,37,1018,1015,1011,31,11,0,14,5,NA,0,3,"Fog",294,"EDDV"
"605",2014-08-28,24,15,6,14,10,6,100,68,33,1018,1016,1014,31,14,2,19,6,NA,0,NA,"Fog",158,"EDDV"
"606",2014-08-29,22,19,14,17,14,11,100,75,43,1016,1014,1013,31,14,8,24,11,NA,0.25,4,"Rain",227,"EDDV"
"607",2014-08-30,19,17,14,16,14,12,99,84,64,1016,1015,1014,31,14,3,21,11,NA,2.03,6,"Rain",213,"EDDV"
"608",2014-08-31,18,14,12,15,13,11,100,89,64,1015,1013,1012,31,12,6,24,11,NA,2.03,5,"Fog-Rain",270,"EDDV"
"609",2014-09-01,20,15,10,15,13,10,100,92,63,1020,1018,1015,31,9,1,19,11,NA,2.03,6,"Fog-Rain",276,"EDDV"
"610",2014-09-02,20,16,12,16,14,12,100,92,68,1025,1022,1019,31,9,1,19,11,NA,0.25,6,"Fog-Rain",346,"EDDV"
"611",2014-09-03,21,14,8,13,11,8,100,80,48,1026,1025,1023,31,16,3,26,11,NA,0,3,"Fog",64,"EDDV"
"612",2014-09-04,23,17,10,15,13,10,100,78,49,1024,1021,1018,31,17,10,27,13,NA,0,5,"Fog",78,"EDDV"
"613",2014-09-05,25,19,13,18,16,12,100,82,57,1019,1015,1013,26,16,8,14,10,NA,0,6,"Fog",82,"EDDV"
"614",2014-09-06,26,19,13,20,17,14,100,88,60,1014,1012,1011,14,5,0,18,5,NA,0,5,"Fog-Rain-Thunderstorm",286,"EDDV"
"615",2014-09-07,20,17,13,18,16,12,100,93,78,1016,1014,1012,10,4,0,18,6,NA,0,6,"Fog-Rain",283,"EDDV"
"616",2014-09-08,20,14,9,16,12,9,100,86,50,1018,1017,1015,26,5,0,23,5,NA,0,3,"Fog",288,"EDDV"
"617",2014-09-09,18,14,10,13,12,9,95,82,61,1020,1019,1018,26,14,10,26,11,NA,0,5,"Rain",273,"EDDV"
"618",2014-09-10,16,14,13,14,13,11,100,89,74,1020,1018,1016,31,12,2,23,11,NA,1.02,6,"Rain",283,"EDDV"
"619",2014-09-11,18,14,10,14,12,9,100,86,53,1022,1018,1016,31,10,5,23,11,NA,0,5,"Rain",24,"EDDV"
"620",2014-09-12,22,14,7,14,12,8,100,79,41,1022,1021,1020,31,10,0,29,11,NA,0,3,"Fog",15,"EDDV"
"621",2014-09-13,19,17,14,15,13,12,94,84,62,1024,1023,1022,31,12,8,18,13,NA,0,6,"Rain",5,"EDDV"
"622",2014-09-14,22,18,15,15,14,11,95,80,55,1024,1021,1019,31,13,10,16,10,NA,0.51,5,"Rain",39,"EDDV"
"623",2014-09-15,20,18,15,17,16,15,100,94,78,1020,1019,1017,26,7,0,23,8,NA,0,7,"Fog-Rain",66,"EDDV"
"624",2014-09-16,24,18,12,17,15,12,100,83,47,1019,1017,1016,26,7,0,23,10,NA,0,3,"Fog-Rain",84,"EDDV"
"625",2014-09-17,24,18,13,15,14,12,100,77,39,1017,1015,1013,27,11,6,26,13,NA,0,1,NA,85,"EDDV"
"626",2014-09-18,24,18,12,16,14,12,100,79,46,1014,1013,1012,27,12,3,19,10,NA,0,1,"Fog",89,"EDDV"
"627",2014-09-19,23,18,14,18,16,13,100,85,60,1013,1012,1011,31,14,10,16,8,NA,0.25,5,"Rain-Thunderstorm",125,"EDDV"
"628",2014-09-20,22,19,16,18,17,15,100,93,72,1014,1013,1012,19,8,0,11,6,NA,0,6,"Fog-Rain",252,"EDDV"
"629",2014-09-21,19,16,12,17,13,8,100,86,46,1015,1014,1012,26,8,1,32,14,NA,0.25,5,"Fog-Rain-Thunderstorm",293,"EDDV"
"630",2014-09-22,16,13,10,12,8,5,95,76,40,1019,1015,1013,31,13,6,32,23,47,4.06,5,"Rain",297,"EDDV"
"631",2014-09-23,17,11,5,9,7,5,96,75,42,1022,1019,1017,31,16,10,16,10,NA,0,3,NA,263,"EDDV"
"632",2014-09-24,14,12,9,11,8,7,94,75,58,1018,1012,1009,26,14,5,23,11,NA,0,6,"Rain",202,"EDDV"
"633",2014-09-25,17,14,11,12,11,8,94,80,48,1019,1015,1010,18,9,5,34,16,NA,0.76,7,"Rain",265,"EDDV"
"634",2014-09-26,17,14,12,15,13,10,100,87,74,1024,1021,1019,19,10,3,26,14,39,0,7,"Rain",253,"EDDV"
"635",2014-09-27,18,13,9,14,11,8,100,81,45,1029,1027,1024,31,12,5,14,10,NA,0,6,"Rain",275,"EDDV"
"636",2014-09-28,21,14,8,13,11,7,100,78,48,1028,1025,1022,31,23,10,16,6,NA,0,6,NA,146,"EDDV"
"637",2014-09-29,23,17,11,16,14,10,100,79,52,1023,1022,1021,31,14,5,14,5,NA,4.06,7,"Fog-Rain",205,"EDDV"
"638",2014-09-30,19,16,12,17,14,12,100,90,66,1026,1024,1022,11,7,2,16,8,NA,0,6,"Fog-Rain",239,"EDDV"
"639",2014-10-01,20,14,9,16,13,10,100,89,61,1028,1026,1022,10,5,0,14,5,NA,0,4,"Fog-Rain",208,"EDDV"
"640",2014-10-02,20,16,11,15,13,11,100,87,57,1030,1028,1025,10,5,1,10,3,NA,0,5,"Fog",157,"EDDV"
"641",2014-10-03,22,17,11,14,12,8,100,76,30,1028,1026,1023,31,9,1,18,8,NA,0,1,"Fog",128,"EDDV"
"642",2014-10-04,21,14,8,12,10,8,100,76,43,1024,1020,1016,31,16,5,19,11,NA,0,3,"Fog",107,"EDDV"
"643",2014-10-05,19,13,7,12,9,7,100,82,50,1018,1017,1016,14,9,3,14,10,NA,0,6,"Fog",101,"EDDV"
"644",2014-10-06,19,13,7,11,9,7,100,76,42,1017,1014,1009,19,9,3,26,11,NA,0,5,NA,112,"EDDV"
"645",2014-10-07,17,14,11,14,11,9,94,84,54,1010,1004,1000,31,11,5,32,16,47,8.89,6,"Rain",160,"EDDV"
"646",2014-10-08,16,12,9,14,11,7,94,82,64,1010,1007,1003,31,15,6,27,18,NA,1.02,6,"Rain",175,"EDDV"
"647",2014-10-09,19,17,14,16,14,12,100,84,66,1009,1005,1002,31,11,4,21,13,NA,0.76,7,"Rain",196,"EDDV"
"648",2014-10-10,18,15,12,12,11,9,94,74,45,1016,1014,1009,31,19,10,24,16,NA,0,4,NA,203,"EDDV"
"649",2014-10-11,19,16,11,15,13,11,100,87,58,1016,1013,1012,19,11,6,13,6,NA,0,7,"Fog",120,"EDDV"
"650",2014-10-12,18,14,9,13,11,8,100,80,44,1016,1014,1011,31,12,3,26,11,NA,0.25,4,"Fog",208,"EDDV"
"651",2014-10-13,19,16,12,16,13,11,100,88,70,1011,1007,1005,31,9,5,21,13,29,0.51,6,"Rain",148,"EDDV"
"652",2014-10-14,19,14,10,13,11,8,100,79,39,1009,1007,1006,31,16,10,23,8,NA,0,4,"Fog",204,"EDDV"
"653",2014-10-15,16,13,11,11,10,8,94,80,64,1008,1006,1005,31,17,10,19,10,NA,0,5,"Rain",208,"EDDV"
"654",2014-10-16,16,12,9,13,11,8,100,91,81,1007,1005,1004,19,10,2,16,8,NA,1.02,6,"Fog-Rain",189,"EDDV"
"655",2014-10-17,18,14,10,14,12,10,100,90,68,1018,1011,1006,18,10,1,21,8,NA,0,4,"Fog-Rain",233,"EDDV"
"656",2014-10-18,18,14,10,14,12,10,100,87,65,1022,1020,1018,31,10,0,26,11,NA,0,3,"Fog",165,"EDDV"
"657",2014-10-19,23,18,13,16,14,12,94,81,52,1019,1015,1011,31,15,3,32,14,52,7.11,4,"Rain",202,"EDDV"
"658",2014-10-20,16,14,13,13,12,11,100,84,72,1014,1013,1011,31,12,3,27,18,47,6.1,5,"Rain",247,"EDDV"
"659",2014-10-21,13,11,9,11,10,6,94,84,67,1012,1004,996,31,13,9,29,16,40,3.05,6,"Rain",223,"EDDV"
"660",2014-10-22,10,9,7,9,7,6,100,90,73,1017,1008,1002,31,8,3,43,27,58,16,7,"Rain",284,"EDDV"
"661",2014-10-23,13,10,7,9,8,6,93,81,60,1023,1021,1018,31,14,10,21,13,NA,0,6,NA,255,"EDDV"
"662",2014-10-24,14,12,10,9,8,7,88,77,52,1023,1021,1018,31,13,10,23,11,NA,0,5,"Rain",173,"EDDV"
"663",2014-10-25,13,11,10,11,9,7,100,86,67,1022,1019,1017,26,11,6,19,13,NA,0,6,"Fog-Rain",199,"EDDV"
"664",2014-10-26,14,11,9,12,8,7,100,77,57,1026,1024,1022,31,14,9,19,11,37,0,6,"Rain",206,"EDDV"
"665",2014-10-27,16,12,9,11,9,7,93,79,61,1026,1024,1023,31,16,10,16,11,NA,0,6,NA,179,"EDDV"
"666",2014-10-28,12,9,5,8,6,3,100,84,59,1024,1019,1015,31,15,8,21,13,NA,0,NA,"Fog",163,"EDDV"
"667",2014-10-29,9,4,-1,9,6,-1,100,91,73,1021,1017,1015,14,6,2,16,8,NA,2.03,7,"Fog-Rain",217,"EDDV"
"668",2014-10-30,12,10,8,11,9,8,100,95,80,1025,1023,1020,11,7,1,11,6,NA,0,8,"Fog",98,"EDDV"
"669",2014-10-31,17,14,11,13,12,10,100,86,65,1024,1023,1021,18,9,5,16,10,NA,0,6,"Rain",171,"EDDV"
"670",2014-11-01,19,14,10,13,11,9,100,79,53,1022,1020,1017,19,15,10,14,10,NA,0,NA,NA,163,"EDDV"
"671",2014-11-02,16,13,11,12,11,9,94,80,66,1017,1013,1007,31,17,10,32,13,NA,0,6,"Rain",179,"EDDV"
"672",2014-11-03,16,13,11,12,10,9,94,74,58,1008,1002,996,31,14,7,40,24,60,2.03,6,"Rain",192,"EDDV"
"673",2014-11-04,14,12,9,10,9,8,100,83,59,998,995,992,31,14,6,40,23,60,0.25,7,"Rain",235,"EDDV"
"674",2014-11-05,11,8,6,9,8,6,100,94,78,1007,1001,996,11,7,3,16,10,NA,0.51,6,"Fog-Rain",299,"EDDV"
"675",2014-11-06,11,8,4,8,6,4,100,90,66,1013,1010,1006,19,5,0,14,6,NA,0,5,"Fog",231,"EDDV"
"676",2014-11-07,11,7,4,5,4,2,93,80,56,1012,1008,1005,26,14,8,29,14,NA,0,4,"Rain",170,"EDDV"
"677",2014-11-08,13,9,5,7,6,4,93,76,50,1013,1011,1007,31,14,10,27,16,NA,0,4,NA,169,"EDDV"
"678",2014-11-09,12,8,3,6,4,2,100,84,57,1012,1010,1008,31,22,10,14,10,NA,0,NA,"Fog",119,"EDDV"
"679",2014-11-10,11,9,6,8,7,5,93,86,71,1013,1010,1009,27,14,9,19,10,NA,0,6,"Rain",172,"EDDV"
"680",2014-11-11,13,8,4,9,7,3,100,91,62,1013,1010,1005,14,7,2,23,11,NA,0,7,"Fog",108,"EDDV"
"681",2014-11-12,10,8,7,9,8,6,100,94,87,1009,1005,1004,5,3,1,23,13,NA,0,8,"Fog",122,"EDDV"
"682",2014-11-13,11,8,6,9,8,6,100,93,72,1015,1013,1009,11,4,1,11,5,NA,0,7,"Fog",112,"EDDV"
"683",2014-11-14,12,11,9,9,8,8,94,85,70,1015,1011,1008,14,9,5,26,14,NA,0,7,NA,108,"EDDV"
"684",2014-11-15,12,10,9,9,8,8,94,88,74,1009,1005,1002,8,6,3,26,18,NA,0,7,NA,106,"EDDV"
"685",2014-11-16,10,9,6,9,8,5,100,93,83,1004,1001,999,23,6,2,26,13,NA,6.1,7,"Rain",100,"EDDV"
"686",2014-11-17,12,8,5,8,7,5,100,89,68,1011,1008,1004,31,18,4,19,11,NA,0,5,NA,100,"EDDV"
"687",2014-11-18,7,6,5,7,7,6,100,96,89,1014,1012,1010,5,4,3,21,16,NA,1.02,7,"Rain",62,"EDDV"
"688",2014-11-19,7,6,6,6,5,4,100,91,83,1026,1020,1014,11,6,3,14,8,NA,0,8,"Rain",33,"EDDV"
"689",2014-11-20,7,4,1,5,4,1,100,88,75,1029,1028,1026,14,9,4,11,5,NA,0,6,"Fog",67,"EDDV"
"690",2014-11-21,6,2,-2,5,2,-1,100,92,74,1029,1026,1023,18,7,0,14,6,NA,0,5,"Fog",89,"EDDV"
"691",2014-11-22,7,5,3,5,3,1,100,84,65,1024,1021,1020,11,9,6,23,14,NA,0,5,NA,114,"EDDV"
"692",2014-11-23,13,9,5,7,6,5,100,78,50,1021,1019,1015,31,13,6,29,14,NA,0,6,NA,147,"EDDV"
"693",2014-11-24,11,7,3,10,6,2,100,82,61,1027,1022,1015,31,11,3,27,16,29,1.02,5,"Rain",252,"EDDV"
"694",2014-11-25,7,4,2,5,4,2,100,91,81,1028,1027,1025,31,11,5,24,8,NA,0,6,"Fog",117,"EDDV"
"695",2014-11-26,4,3,2,3,2,0,100,83,69,1025,1020,1016,19,10,10,32,19,NA,0,6,NA,109,"EDDV"
"696",2014-11-27,4,2,0,1,0,-1,93,84,67,1017,1013,1011,10,8,3,21,18,NA,0,NA,NA,103,"EDDV"
"697",2014-11-28,3,2,1,0,-1,-1,87,81,69,1019,1015,1012,10,9,6,29,24,NA,0,5,NA,104,"EDDV"
"698",2014-11-29,1,1,0,0,-1,-2,93,87,72,1020,1019,1018,7,6,5,27,23,NA,0,7,NA,101,"EDDV"
"699",2014-11-30,1,0,-1,-1,-1,-3,93,89,76,1019,1016,1014,10,6,3,26,19,NA,0,8,NA,103,"EDDV"
"700",2014-12-01,-1,-2,-3,-2,-4,-6,93,81,68,1018,1016,1015,13,9,6,34,26,47,0,8,NA,90,"EDDV"
"701",2014-12-02,-1,-2,-3,-3,-4,-6,93,78,64,1020,1017,1015,11,9,3,26,19,NA,0,7,NA,84,"EDDV"
"702",2014-12-03,-2,-3,-4,-3,-4,-6,93,89,75,1025,1022,1019,7,6,3,14,13,NA,0,8,"Rain-Snow",60,"EDDV"
"703",2014-12-04,1,-1,-3,1,-1,-3,100,94,82,1024,1019,1016,5,2,1,19,13,NA,0,8,"Fog-Rain",87,"EDDV"
"704",2014-12-05,4,2,1,2,1,0,100,91,80,1019,1018,1017,10,5,1,13,6,NA,0,7,"Rain",210,"EDDV"
"705",2014-12-06,6,4,2,5,3,1,100,91,80,1025,1022,1018,10,7,3,14,10,NA,0,7,"Rain",246,"EDDV"
"706",2014-12-07,7,3,-1,4,2,-1,100,83,52,1025,1018,1012,31,9,0,26,11,NA,0,6,"Fog-Rain",216,"EDDV"
"707",2014-12-08,6,4,2,4,2,0,93,83,67,1019,1016,1013,31,14,10,21,16,NA,0,4,"Rain",232,"EDDV"
"708",2014-12-09,4,2,1,2,1,-2,93,83,69,1028,1025,1018,31,11,6,26,11,NA,0,6,NA,223,"EDDV"
"709",2014-12-10,7,4,1,4,2,-2,93,80,58,1025,1014,1011,31,14,8,40,26,58,2.03,6,"Rain",212,"EDDV"
"710",2014-12-11,6,4,2,4,2,0,93,81,68,1012,1006,1002,31,14,10,40,23,66,2.03,5,"Rain-Thunderstorm",230,"EDDV"
"711",2014-12-12,9,6,2,7,5,2,93,82,65,1006,998,993,31,12,7,40,27,69,2.03,7,"Rain",225,"EDDV"
"712",2014-12-13,6,4,3,4,2,1,93,81,67,1014,1008,1000,31,16,6,21,14,NA,0,7,"Rain",241,"EDDV"
"713",2014-12-14,5,2,0,3,1,-2,100,86,67,1017,1015,1013,26,8,0,21,11,NA,0,6,"Fog",213,"EDDV"
"714",2014-12-15,6,3,0,4,1,-2,93,82,55,1015,1012,1009,31,12,10,32,18,NA,2.03,7,"Rain",216,"EDDV"
"715",2014-12-16,7,4,2,4,3,1,93,85,70,1013,1010,1008,26,11,10,23,14,NA,0.76,6,"Rain",236,"EDDV"
"716",2014-12-17,9,4,1,8,3,0,100,90,73,1012,1006,1000,26,10,3,29,16,39,3.05,7,"Rain",218,"EDDV"
"717",2014-12-18,12,10,7,11,9,7,100,91,83,1009,1007,1006,26,9,4,29,18,52,0,7,"Rain",235,"EDDV"
"718",2014-12-19,11,8,6,11,7,2,100,87,66,1013,1008,1005,19,8,3,35,27,55,6.1,6,"Rain",251,"EDDV"
"719",2014-12-20,7,6,4,4,3,2,93,80,64,1020,1014,1010,31,12,8,40,29,63,3.05,6,"Rain-Thunderstorm",255,"EDDV"
"720",2014-12-21,8,6,4,6,3,2,93,82,71,1026,1022,1016,31,14,10,37,24,63,0,6,"Rain",248,"EDDV"
"721",2014-12-22,11,9,7,10,8,6,100,89,77,1017,1012,1010,31,10,3,42,35,69,1.02,7,"Rain",246,"EDDV"
"722",2014-12-23,11,10,9,9,8,6,94,83,65,1014,1013,1012,31,11,3,35,29,58,0,7,"Rain",248,"EDDV"
"723",2014-12-24,8,6,4,8,6,2,100,85,62,1015,1012,1009,31,13,3,34,27,53,3.05,6,"Rain",249,"EDDV"
"724",2014-12-25,6,3,1,3,2,-1,93,80,57,1026,1018,1015,31,14,10,39,24,58,1.02,5,"Rain",271,"EDDV"
"725",2014-12-26,0,-2,-3,0,-2,-4,100,91,73,1029,1026,1020,31,11,0,11,6,NA,0,5,"Fog-Rain",266,"EDDV"
"726",2014-12-27,-1,-2,-4,-2,-4,-7,100,85,62,1022,1010,1005,31,15,10,32,16,NA,0,6,NA,92,"EDDV"
"727",2014-12-28,-1,-4,-8,-3,-6,-9,100,88,73,1031,1024,1012,23,11,9,26,14,NA,0,4,NA,308,"EDDV"
"728",2014-12-29,1,-1,-3,1,-2,-4,100,88,69,1035,1029,1023,19,9,3,29,18,NA,0.25,6,"Rain-Snow",287,"EDDV"
"729",2014-12-30,4,1,-2,3,2,-2,100,93,76,1034,1031,1030,19,8,3,21,16,NA,0.51,6,"Rain-Snow",271,"EDDV"
"730",2014-12-31,6,4,3,6,4,2,100,95,85,1034,1032,1030,8,4,1,21,13,NA,0.51,8,"Rain",261,"EDDV"
"731",2015-01-01,6,3,1,3,0,-3,93,77,48,1035,1031,1023,14,7,3,27,14,NA,0,3,NA,228,"EDDV"
"732",2015-01-02,8,6,3,6,2,-4,93,71,38,1026,1021,1017,31,11,6,40,29,63,1.02,5,"Rain",252,"EDDV"
"733",2015-01-03,5,4,3,2,1,0,93,79,59,1028,1020,1014,31,16,9,34,26,52,0,6,"Rain",256,"EDDV"
"734",2015-01-04,6,4,2,3,2,1,93,87,68,1033,1027,1018,31,14,10,35,24,NA,0.76,4,"Rain",278,"EDDV"
"735",2015-01-05,3,2,1,2,1,-1,100,85,73,1033,1030,1027,26,10,2,26,16,NA,0,6,"Rain",247,"EDDV"
"736",2015-01-06,4,2,1,1,0,-2,93,81,59,1028,1024,1020,31,9,5,21,10,NA,0,7,NA,151,"EDDV"
"737",2015-01-07,6,3,1,4,2,-2,100,86,68,1027,1024,1020,26,10,3,26,14,37,0,6,"Rain",239,"EDDV"
"738",2015-01-08,7,5,3,7,3,-1,100,88,64,1025,1019,1014,31,11,3,35,19,53,8.89,7,"Rain",224,"EDDV"
"739",2015-01-09,9,7,4,7,4,3,94,79,58,1023,1013,1007,31,13,5,55,29,80,2.03,6,"Rain",251,"EDDV"
"740",2015-01-10,12,9,5,12,7,-1,100,82,50,1010,1004,999,31,9,3,50,29,71,2.03,6,"Rain",260,"EDDV"
"741",2015-01-11,6,4,3,3,1,-2,87,75,56,1015,1010,1007,31,14,9,45,31,76,0.51,4,"Rain-Hail",260,"EDDV"
"742",2015-01-12,9,7,4,7,4,3,93,79,66,1016,1012,1009,31,13,5,40,29,61,0,7,"Rain",239,"EDDV"
"743",2015-01-13,12,9,7,8,6,4,100,81,51,1009,1005,1001,31,12,5,40,27,61,2.03,6,"Rain",226,"EDDV"
"744",2015-01-14,6,3,2,4,2,-1,93,79,60,1013,1007,1002,31,13,6,32,21,58,0.25,5,"Rain",233,"EDDV"
"745",2015-01-15,11,7,2,6,3,-1,93,74,57,1013,1002,996,26,13,10,47,27,64,0.51,6,"Rain",189,"EDDV"
"746",2015-01-16,8,6,4,4,2,1,87,69,48,1007,1005,1000,31,16,10,29,19,45,0,6,"Rain",210,"EDDV"
"747",2015-01-17,5,2,-1,2,0,-3,93,79,57,1017,1012,1007,31,15,10,21,11,NA,0,6,NA,238,"EDDV"
"748",2015-01-18,3,1,-2,0,-2,-3,87,76,63,1016,1014,1013,31,15,9,21,13,NA,0,6,"Rain-Snow",173,"EDDV"
"749",2015-01-19,3,1,-1,-1,-2,-3,93,84,64,1015,1012,1010,26,14,10,14,8,NA,0,7,NA,124,"EDDV"
"750",2015-01-20,1,-1,-3,0,-2,-4,100,94,79,1015,1012,1010,11,6,2,13,5,NA,0,6,"Fog",298,"EDDV"
"751",2015-01-21,2,-2,-6,-1,-3,-6,100,92,71,1017,1015,1013,10,5,0,26,8,NA,0,5,"Fog",85,"EDDV"
"752",2015-01-22,1,-1,-2,-1,-2,-3,93,87,70,1023,1019,1016,16,9,6,21,14,NA,0,7,NA,43,"EDDV"
"753",2015-01-23,-1,-1,-2,-2,-3,-4,93,83,66,1027,1025,1023,26,12,8,16,8,NA,0,7,NA,22,"EDDV"
"754",2015-01-24,1,-1,-3,1,-2,-6,100,88,63,1025,1020,1016,26,8,1,19,13,NA,2.03,5,"Snow",212,"EDDV"
"755",2015-01-25,3,1,-2,3,1,-2,100,95,87,1027,1026,1023,14,8,3,18,11,NA,0.76,6,"Rain-Snow",262,"EDDV"
"756",2015-01-26,5,3,1,4,3,1,100,94,81,1027,1018,1013,26,8,3,26,13,NA,3.05,7,"Rain",218,"EDDV"
"757",2015-01-27,6,3,1,3,2,1,100,91,73,1020,1017,1014,31,12,6,29,21,NA,0,5,"Rain",278,"EDDV"
"758",2015-01-28,6,3,1,3,2,-1,100,85,60,1019,1005,991,31,11,6,40,19,63,2.03,6,"Rain",222,"EDDV"
"759",2015-01-29,3,1,0,1,-1,-2,100,82,62,992,985,973,27,11,3,32,24,53,1.02,6,"Rain-Snow",210,"EDDV"
"760",2015-01-30,1,0,-2,1,-1,-2,100,97,86,977,974,971,26,7,1,19,8,NA,4.06,7,"Rain-Snow",265,"EDDV"
"761",2015-01-31,2,0,-2,1,-1,-2,100,91,78,985,980,976,11,7,1,21,8,NA,2.03,6,"Snow",226,"EDDV"
"762",2015-02-01,2,0,-2,0,-1,-1,93,87,70,993,989,985,11,9,5,21,11,NA,0,6,NA,245,"EDDV"
"763",2015-02-02,3,1,-1,1,0,-1,100,89,69,998,996,993,31,11,1,23,16,40,1.02,6,"Rain-Snow",260,"EDDV"
"764",2015-02-03,3,-1,-4,1,-1,-5,100,90,73,1008,1002,997,26,11,2,29,18,NA,1.02,6,"Rain-Snow",290,"EDDV"
"765",2015-02-04,1,-2,-5,-2,-4,-6,100,87,61,1019,1013,1008,31,12,10,19,10,NA,0,4,"Snow",291,"EDDV"
"766",2015-02-05,0,-3,-6,-1,-4,-6,100,89,70,1029,1024,1019,26,12,3,16,8,NA,0,7,"Snow",16,"EDDV"
"767",2015-02-06,2,-2,-7,-3,-6,-7,100,85,49,1033,1031,1029,31,14,7,19,11,NA,0,2,NA,44,"EDDV"
"768",2015-02-07,4,-2,-8,3,-2,-8,100,93,79,1033,1028,1021,14,8,2,34,11,NA,0,7,"Rain",269,"EDDV"
"769",2015-02-08,4,2,0,2,-4,-10,87,62,27,1029,1025,1021,31,15,10,35,24,53,0,5,"Rain",313,"EDDV"
"770",2015-02-09,6,3,-1,5,4,1,100,93,81,1026,1024,1022,26,8,1,34,24,NA,0.76,7,"Rain",284,"EDDV"
"771",2015-02-10,6,6,4,5,4,3,100,89,74,1030,1028,1026,31,10,6,26,19,NA,0.25,7,"Rain",303,"EDDV"
"772",2015-02-11,5,2,-1,3,1,-2,100,86,67,1030,1027,1023,31,13,10,14,8,NA,0,7,"Rain",109,"EDDV"
"773",2015-02-12,2,-1,-4,0,-1,-3,100,95,78,1024,1023,1021,11,6,1,11,6,NA,0,7,"Fog",167,"EDDV"
"774",2015-02-13,7,3,-1,1,-1,-2,93,81,47,1022,1017,1013,18,9,6,21,11,NA,0,4,NA,136,"EDDV"
"775",2015-02-14,11,5,-1,3,0,-3,93,71,39,1014,1012,1011,23,14,5,14,10,NA,0,NA,NA,106,"EDDV"
"776",2015-02-15,4,0,-3,1,-1,-3,100,86,68,1020,1017,1013,7,5,3,29,16,NA,0,6,NA,79,"EDDV"
"777",2015-02-16,4,2,-1,1,0,-1,93,85,66,1023,1020,1019,7,5,3,26,14,NA,0,7,NA,101,"EDDV"
"778",2015-02-17,3,0,-3,3,0,-3,100,92,79,1040,1030,1022,4,3,1,19,10,NA,0,8,"Fog",253,"EDDV"
"779",2015-02-18,8,4,0,2,1,-2,100,80,42,1041,1038,1034,31,8,0,14,10,NA,0,6,"Fog",243,"EDDV"
"780",2015-02-19,6,2,-2,1,-1,-3,93,78,53,1034,1027,1020,13,9,8,29,14,NA,0,5,NA,206,"EDDV"
"781",2015-02-20,8,4,-1,4,1,-3,87,74,55,1021,1011,1000,26,10,8,34,21,42,0.51,6,"Rain",191,"EDDV"
"782",2015-02-21,7,4,2,4,2,0,93,79,59,1003,997,992,31,13,10,37,21,60,0,6,"Rain",224,"EDDV"
"783",2015-02-22,7,3,0,2,-1,-3,100,76,38,1010,1007,1002,31,12,9,23,11,NA,0,4,"Rain",228,"EDDV"
"784",2015-02-23,4,2,1,2,1,-3,93,80,49,1004,996,994,31,14,8,43,24,58,1.02,7,"Rain-Snow",187,"EDDV"
"785",2015-02-24,7,4,2,2,1,-1,93,76,57,1012,1003,997,31,12,10,26,19,42,0,4,"Rain",209,"EDDV"
"786",2015-02-25,9,6,2,2,1,-2,93,71,42,1020,1016,1012,31,14,10,21,13,NA,0,4,"Rain",215,"EDDV"
"787",2015-02-26,9,6,3,2,1,-1,81,66,44,1021,1017,1010,31,14,10,29,14,NA,0,5,NA,167,"EDDV"
"788",2015-02-27,6,3,1,4,2,-1,100,83,46,1020,1012,1008,31,12,4,26,14,NA,6.1,6,"Rain",248,"EDDV"
"789",2015-02-28,8,3,-2,0,-2,-4,100,73,32,1021,1017,1009,31,13,10,24,11,NA,0,4,"Fog",210,"EDDV"
"790",2015-03-01,10,7,3,6,2,-3,87,73,48,1010,1001,998,31,13,3,34,23,53,3.05,5,"Rain",205,"EDDV"
"791",2015-03-02,8,4,2,3,1,-2,93,72,39,1009,1001,994,31,12,8,35,23,60,0.25,5,"Rain",247,"EDDV"
"792",2015-03-03,7,4,2,3,1,-2,93,79,54,1016,1014,1009,31,14,6,29,23,48,3.05,5,"Rain-Thunderstorm",244,"EDDV"
"793",2015-03-04,6,3,1,3,1,-1,93,83,64,1026,1020,1015,31,14,3,35,18,NA,2.03,6,"Rain",255,"EDDV"
"794",2015-03-05,7,4,1,4,2,1,93,81,52,1036,1033,1027,31,14,8,29,18,NA,0,6,"Rain",276,"EDDV"
"795",2015-03-06,8,7,4,3,2,1,81,72,54,1036,1034,1033,31,14,10,19,11,NA,0,6,"Rain",243,"EDDV"
"796",2015-03-07,12,8,3,2,1,0,81,60,32,1034,1029,1026,31,16,10,27,13,NA,0,6,NA,191,"EDDV"
"797",2015-03-08,18,11,5,2,0,-2,71,45,18,1026,1023,1020,NA,NA,NA,19,13,NA,0,NA,NA,191,"EDDV"
"798",2015-03-09,13,8,3,6,4,1,100,76,47,1028,1026,1023,31,11,4,11,6,NA,0,5,"Fog-Rain",265,"EDDV"
"799",2015-03-10,12,7,1,8,4,0,100,84,51,1030,1026,1023,31,9,1,27,11,NA,1.02,6,"Fog-Rain",273,"EDDV"
"800",2015-03-11,10,4,-1,4,1,-1,100,83,47,1032,1030,1028,31,8,0,26,13,NA,0,4,"Fog",293,"EDDV"
"801",2015-03-12,8,2,-3,3,0,-3,100,84,48,1034,1032,1030,31,9,0,19,8,NA,0,4,"Fog",94,"EDDV"
"802",2015-03-13,7,3,-1,1,-2,-4,93,69,35,1031,1028,1027,10,10,10,26,14,NA,0,4,NA,69,"EDDV"
"803",2015-03-14,6,3,2,3,2,-1,93,84,64,1030,1029,1027,31,11,10,23,13,NA,0,7,"Rain",41,"EDDV"
"804",2015-03-15,6,4,3,4,3,2,93,86,72,1030,1029,1028,18,11,8,29,18,NA,0.25,7,"Rain",68,"EDDV"
"805",2015-03-16,12,7,1,5,3,1,100,75,41,1029,1027,1025,14,9,5,29,19,42,0,6,NA,91,"EDDV"
"806",2015-03-17,14,8,1,6,3,0,100,75,38,1028,1026,1025,14,9,5,23,13,NA,0,6,NA,81,"EDDV"
"807",2015-03-18,16,9,2,4,2,1,93,66,26,1027,1026,1025,31,14,8,14,8,NA,0,6,"Fog",71,"EDDV"
"808",2015-03-19,13,7,0,2,-1,-3,87,60,26,1029,1027,1025,27,15,10,11,5,NA,0,6,"Fog",57,"EDDV"
"809",2015-03-20,8,3,-3,4,0,-3,100,85,58,1027,1024,1018,18,7,1,21,6,NA,0,2,"Fog",279,"EDDV"
"810",2015-03-21,9,4,-1,5,3,-1,100,90,62,1023,1016,1014,31,8,0,29,13,NA,3.05,7,"Fog-Rain",272,"EDDV"
"811",2015-03-22,6,1,-3,1,-4,-7,93,61,28,1030,1026,1023,31,18,10,29,19,NA,0,5,"Rain",83,"EDDV"
"812",2015-03-23,11,4,-1,3,0,-4,87,69,45,1024,1016,1011,31,19,10,16,8,NA,0,6,NA,222,"EDDV"
"813",2015-03-24,10,6,2,4,3,1,93,76,50,1011,1009,1008,14,7,3,11,5,NA,0,6,NA,356,"EDDV"
"814",2015-03-25,16,8,1,7,3,0,100,70,34,1009,1006,1003,10,5,2,35,14,NA,0,6,NA,102,"EDDV"
"815",2015-03-26,7,6,4,4,3,1,93,78,57,1008,1007,1005,31,10,3,26,18,NA,1.02,7,"Rain",256,"EDDV"
"816",2015-03-27,7,6,4,5,4,2,93,84,67,1021,1012,1006,31,11,5,34,16,47,1.02,7,"Rain",249,"EDDV"
"817",2015-03-28,12,8,3,8,3,0,93,73,38,1022,1016,1006,26,13,8,26,13,NA,0,6,"Rain",216,"EDDV"
"818",2015-03-29,11,8,6,9,8,4,100,87,68,1007,996,984,31,11,4,55,24,80,7.87,7,"Rain",228,"EDDV"
"819",2015-03-30,9,7,4,4,2,-1,93,74,55,1007,997,988,26,11,10,55,37,74,0.76,4,"Rain-Hail",275,"EDDV"
"820",2015-03-31,10,6,2,7,2,-1,100,76,51,1005,993,983,31,11,3,80,32,111,1.02,6,"Rain",251,"EDDV"
"821",2015-04-01,7,4,1,2,1,0,100,81,55,1014,1009,1002,31,12,6,45,31,64,3.05,6,"Rain-Snow-Hail-Thunderstorm",272,"EDDV"
"822",2015-04-02,6,3,1,2,1,-2,100,83,52,1018,1010,1005,31,12,2,39,23,55,3.05,5,"Rain-Snow-Hail",284,"EDDV"
"823",2015-04-03,10,5,0,3,1,-2,93,72,36,1020,1019,1017,31,14,10,26,18,NA,0,5,"Rain",292,"EDDV"
"824",2015-04-04,9,4,-1,2,-1,-2,93,74,42,1021,1018,1017,31,11,10,21,8,NA,0.25,5,"Rain",331,"EDDV"
"825",2015-04-05,10,3,-4,1,-2,-6,100,67,22,1026,1024,1021,31,8,0,21,10,NA,0,3,"Fog",308,"EDDV"
"826",2015-04-06,12,7,2,4,-2,-5,87,57,20,1034,1028,1025,31,14,10,16,8,32,0,5,"Rain",353,"EDDV"
"827",2015-04-07,11,4,-2,5,1,-3,93,70,45,1036,1034,1032,31,12,10,29,11,NA,0,7,NA,277,"EDDV"
"828",2015-04-08,11,8,5,7,5,4,100,82,61,1034,1032,1031,19,11,5,26,16,NA,0,7,"Fog",290,"EDDV"
"829",2015-04-09,17,9,1,8,6,1,100,77,40,1033,1028,1024,19,7,0,10,5,NA,0,2,"Fog",68,"EDDV"
"830",2015-04-10,21,13,5,10,7,5,100,68,30,1025,1021,1016,19,10,3,11,6,NA,0,1,"Fog",68,"EDDV"
"831",2015-04-11,19,12,6,10,6,4,87,63,37,1025,1017,1014,31,14,10,40,14,55,0.76,5,"Rain",221,"EDDV"
"832",2015-04-12,15,9,4,3,1,-2,87,55,21,1030,1026,1020,31,12,10,26,16,NA,0,6,NA,227,"EDDV"
"833",2015-04-13,12,8,4,6,2,0,93,61,34,1030,1027,1019,31,11,9,53,27,77,0,6,"Rain",284,"EDDV"
"834",2015-04-14,18,9,1,9,4,0,93,66,37,1030,1025,1020,31,16,10,29,10,NA,0,6,NA,241,"EDDV"
"835",2015-04-15,22,14,7,10,7,5,93,61,25,1021,1016,1012,31,20,11,40,16,53,0,NA,NA,266,"EDDV"
"836",2015-04-16,13,9,6,7,3,-2,93,63,28,1017,1015,1014,31,11,6,26,13,37,0,5,"Rain",315,"EDDV"
"837",2015-04-17,12,7,2,4,2,-2,100,68,27,1022,1017,1015,31,14,10,29,11,34,0,5,"Fog-Rain",312,"EDDV"
"838",2015-04-18,13,7,1,3,0,-3,93,59,22,1028,1025,1022,10,10,10,18,10,37,0,2,"Rain",339,"EDDV"
"839",2015-04-19,16,9,2,5,2,-1,100,65,25,1025,1023,1022,31,13,10,13,8,NA,0,5,NA,310,"EDDV"
"840",2015-04-20,19,10,1,6,2,-1,93,57,22,1028,1027,1025,31,29,26,26,11,NA,0,NA,NA,326,"EDDV"
"841",2015-04-21,19,11,2,6,4,1,100,66,22,1030,1029,1028,31,13,0,32,14,NA,0,4,"Fog",295,"EDDV"
"842",2015-04-22,15,9,4,5,4,2,93,68,33,1030,1026,1023,31,14,10,23,14,NA,0,5,"Rain",298,"EDDV"
"843",2015-04-23,13,8,3,7,5,3,100,86,47,1024,1020,1016,26,7,0,14,10,NA,0,6,"Fog",290,"EDDV"
"844",2015-04-24,19,11,2,8,5,2,100,67,30,1016,1013,1009,14,8,2,16,6,35,0,NA,"Fog",232,"EDDV"
"845",2015-04-25,15,13,11,12,8,4,94,73,50,1009,1007,1006,18,10,5,16,8,NA,2.03,6,"Rain",201,"EDDV"
"846",2015-04-26,18,14,10,12,10,9,100,83,47,1008,1006,1004,31,9,3,24,10,NA,2.03,5,"Fog-Rain",242,"EDDV"
"847",2015-04-27,10,8,5,11,6,1,100,83,49,1010,1006,1003,19,9,3,19,11,NA,0.76,7,"Rain",359,"EDDV"
"848",2015-04-28,13,6,-1,5,1,-3,100,73,24,1020,1014,1010,31,15,10,34,11,NA,0.51,3,"Rain",284,"EDDV"
"849",2015-04-29,14,7,1,2,0,-3,100,57,20,1021,1018,1014,31,28,10,26,11,45,0,6,NA,184,"EDDV"
"850",2015-04-30,14,10,6,7,4,1,100,66,35,1014,1012,1009,31,14,5,26,11,42,1.02,5,"Rain",215,"EDDV"
"851",2015-05-01,12,7,3,6,4,2,100,75,47,1010,1008,1007,31,10,5,19,10,NA,0,5,"Fog",270,"EDDV"
"852",2015-05-02,14,8,2,4,2,-1,100,64,28,1013,1012,1009,31,12,10,14,10,NA,0,3,"Fog",302,"EDDV"
"853",2015-05-03,18,10,2,14,6,0,100,71,41,1012,1007,1002,31,11,8,34,14,NA,0.51,7,"Rain",114,"EDDV"
"854",2015-05-04,21,17,12,13,11,9,94,72,41,1009,1007,1003,31,14,10,23,14,NA,0,4,"Rain",243,"EDDV"
"855",2015-05-05,25,18,11,16,12,5,88,69,37,1010,1002,998,31,13,10,43,18,66,1.02,4,"Rain-Thunderstorm",179,"EDDV"
"856",2015-05-06,18,13,8,9,6,2,87,60,25,1013,1011,1009,26,11,10,34,14,61,0,3,"Rain",206,"EDDV"
"857",2015-05-07,14,11,8,10,7,4,94,70,50,1020,1015,1012,31,15,8,29,19,52,3.05,4,"Rain",239,"EDDV"
"858",2015-05-08,19,12,6,10,7,5,100,69,33,1020,1017,1014,31,14,10,13,6,NA,0,5,"Fog",76,"EDDV"
"859",2015-05-09,19,15,11,12,9,8,88,70,39,1018,1015,1013,31,17,10,32,13,50,1.02,6,"Rain",222,"EDDV"
"860",2015-05-10,17,13,9,9,5,3,82,61,30,1028,1024,1018,31,15,10,35,21,52,0,5,"Rain",283,"EDDV"
"861",2015-05-11,23,15,7,11,7,4,82,56,30,1028,1023,1018,10,10,10,26,13,NA,0,6,NA,150,"EDDV"
"862",2015-05-12,25,17,9,16,11,6,82,60,39,1020,1015,1011,31,12,10,43,14,58,0,5,"Rain",221,"EDDV"
"863",2015-05-13,18,13,8,7,6,4,82,61,34,1020,1017,1013,31,11,10,29,14,NA,0,4,NA,269,"EDDV"
"864",2015-05-14,13,9,5,6,4,3,93,71,44,1015,1014,1012,10,10,10,21,10,NA,0,6,NA,296,"EDDV"
"865",2015-05-15,16,8,1,7,4,0,100,71,34,1020,1016,1013,31,12,2,21,6,NA,0,2,"Fog",335,"EDDV"
"866",2015-05-16,12,7,2,10,6,2,100,85,59,1023,1021,1019,26,11,3,26,11,NA,0.25,5,"Fog-Rain",261,"EDDV"
"867",2015-05-17,16,10,4,7,4,3,87,64,34,1024,1022,1020,31,13,10,26,13,45,0,3,"Rain",263,"EDDV"
"868",2015-05-18,20,12,5,10,6,3,87,60,30,1021,1011,1002,31,11,10,40,8,NA,0,6,NA,191,"EDDV"
"869",2015-05-19,16,12,9,9,6,2,87,63,30,1009,1005,1003,31,10,10,40,23,58,0,4,"Rain",238,"EDDV"
"870",2015-05-20,16,11,6,6,4,3,93,63,32,1018,1013,1009,10,10,10,29,11,45,0,3,"Rain",250,"EDDV"
"871",2015-05-21,16,10,3,7,5,3,100,70,32,1026,1023,1018,31,12,2,29,10,NA,0,3,"Fog-Rain",268,"EDDV"
"872",2015-05-22,19,13,7,9,7,5,93,64,37,1027,1025,1022,31,16,10,16,8,NA,0,4,NA,248,"EDDV"
"873",2015-05-23,18,13,8,11,9,5,88,72,41,1022,1021,1020,31,14,10,21,8,NA,0,7,"Rain",307,"EDDV"
"874",2015-05-24,19,11,2,9,7,2,100,70,37,1022,1019,1016,31,14,10,14,6,NA,0,4,"Fog",273,"EDDV"
"875",2015-05-25,15,10,6,11,7,3,100,78,44,1016,1014,1013,31,13,5,21,8,NA,0.51,5,"Fog-Rain",280,"EDDV"
"876",2015-05-26,14,10,7,8,6,3,93,72,45,1022,1018,1015,31,13,8,26,13,34,0.51,5,"Rain",287,"EDDV"
"877",2015-05-27,15,10,4,7,6,3,93,69,40,1023,1022,1018,31,12,10,29,13,NA,0,5,NA,262,"EDDV"
"878",2015-05-28,19,14,10,11,7,3,94,66,32,1019,1013,1010,31,17,6,37,18,45,3.05,5,"Fog-Rain",223,"EDDV"
"879",2015-05-29,18,11,4,10,7,4,100,67,34,1014,1010,1005,31,15,10,24,11,NA,0.76,6,"Fog",199,"EDDV"
"880",2015-05-30,13,11,7,8,6,4,93,76,43,1016,1011,1006,31,12,10,34,19,48,2.03,3,"Rain-Thunderstorm",244,"EDDV"
"881",2015-05-31,21,13,5,13,8,4,93,68,35,1016,1012,1008,31,12,10,32,14,NA,0,6,"Rain",195,"EDDV"
"882",2015-06-01,17,13,9,14,7,3,94,61,30,1017,1014,1008,31,11,10,37,18,58,0,6,"Rain",250,"EDDV"
"883",2015-06-02,22,17,11,13,10,4,88,64,41,1015,1011,1009,31,14,10,34,23,50,0,6,"Rain",203,"EDDV"
"884",2015-06-03,18,16,13,14,9,6,94,61,36,1026,1019,1012,31,10,10,35,23,47,0,5,"Rain",263,"EDDV"
"885",2015-06-04,21,13,6,9,7,5,100,61,28,1030,1028,1025,31,14,10,14,6,NA,0,2,"Fog",63,"EDDV"
"886",2015-06-05,30,20,9,15,10,6,77,49,19,1026,1021,1016,NA,NA,NA,19,13,NA,0,NA,NA,119,"EDDV"
"887",2015-06-06,24,18,13,17,13,3,83,60,32,1026,1020,1015,31,14,10,32,14,45,0,5,"Rain",263,"EDDV"
"888",2015-06-07,22,14,7,8,6,3,93,55,21,1030,1028,1027,10,10,10,23,10,NA,0,4,"Fog",314,"EDDV"
"889",2015-06-08,18,12,6,8,6,3,93,62,32,1031,1029,1027,31,13,10,26,13,NA,0,4,NA,341,"EDDV"
"890",2015-06-09,17,12,8,7,6,4,87,63,32,1030,1029,1027,31,12,10,19,10,NA,0,5,NA,6,"EDDV"
"891",2015-06-10,21,13,6,9,7,5,93,59,25,1029,1027,1024,31,12,10,14,6,NA,0,3,NA,48,"EDDV"
"892",2015-06-11,23,17,11,8,5,2,67,41,16,1026,1022,1017,NA,NA,NA,16,10,NA,0,NA,NA,87,"EDDV"
"893",2015-06-12,27,19,12,13,11,8,82,53,27,1018,1013,1009,10,10,10,18,8,NA,0,2,NA,91,"EDDV"
"894",2015-06-13,27,21,15,18,14,12,88,65,39,1010,1008,1007,31,14,10,26,10,NA,0.25,5,"Rain",199,"EDDV"
"895",2015-06-14,17,16,13,13,11,9,88,74,55,1014,1011,1009,31,15,10,23,13,NA,0,6,"Rain",290,"EDDV"
"896",2015-06-15,19,14,9,9,5,2,82,55,25,1022,1019,1014,31,14,10,24,13,34,0,6,NA,347,"EDDV"
"897",2015-06-16,17,11,4,8,5,-1,93,66,19,1025,1024,1022,10,10,10,26,10,NA,0,6,"Fog-Rain",303,"EDDV"
"898",2015-06-17,21,12,3,11,7,3,100,63,31,1026,1022,1016,31,11,10,21,8,NA,0,6,"Fog-Rain",242,"EDDV"
"899",2015-06-18,20,16,11,15,11,7,100,74,36,1016,1014,1013,31,9,2,34,14,55,0,6,"Rain",285,"EDDV"
"900",2015-06-19,16,13,9,10,8,6,100,78,49,1016,1015,1014,31,12,8,26,18,NA,3.05,6,"Rain",276,"EDDV"
"901",2015-06-20,16,13,9,11,9,8,94,79,52,1019,1017,1016,31,13,10,26,18,NA,0.76,6,"Rain",288,"EDDV"
"902",2015-06-21,18,14,9,13,9,6,94,75,38,1020,1015,1011,31,11,10,18,6,NA,0,6,"Rain",215,"EDDV"
"903",2015-06-22,15,12,9,13,11,9,100,90,63,1012,1008,1004,31,12,1,23,11,NA,13.97,6,"Fog-Rain",241,"EDDV"
"904",2015-06-23,16,12,8,12,10,7,100,86,52,1014,1009,1004,31,10,0,29,14,NA,1.02,6,"Fog-Rain",275,"EDDV"
"905",2015-06-24,18,14,10,11,9,8,100,76,45,1022,1019,1015,31,13,6,26,19,NA,0,6,"Rain",252,"EDDV"
"906",2015-06-25,24,18,12,12,11,7,88,62,30,1022,1021,1020,26,12,9,19,10,NA,0,5,NA,240,"EDDV"
"907",2015-06-26,22,18,13,15,13,12,94,69,42,1021,1019,1016,31,17,10,18,6,NA,0,6,"Rain",257,"EDDV"
"908",2015-06-27,22,18,13,18,14,9,100,77,43,1020,1015,1013,31,14,10,35,14,55,0.76,6,"Rain",248,"EDDV"
"909",2015-06-28,22,16,9,14,11,8,100,70,30,1022,1021,1020,31,13,10,16,8,NA,0,4,"Fog-Rain",277,"EDDV"
"910",2015-06-29,26,20,15,15,13,11,94,63,32,1022,1020,1019,31,14,10,24,11,NA,0,4,"Rain",257,"EDDV"
"911",2015-06-30,26,19,12,14,11,8,100,59,24,1024,1022,1021,31,11,10,11,6,NA,0,4,"Fog",350,"EDDV"
"912",2015-07-01,29,21,13,13,12,10,88,52,20,1023,1021,1020,NA,NA,NA,26,13,40,0,NA,NA,93,"EDDV"
"913",2015-07-02,33,25,17,15,13,11,72,43,20,1022,1021,1020,NA,NA,NA,26,18,NA,0,NA,NA,110,"EDDV"
"914",2015-07-03,31,24,18,20,16,13,88,58,29,1026,1023,1021,31,15,9,37,11,58,5.08,6,"Rain-Thunderstorm",44,"EDDV"
"915",2015-07-04,36,28,19,22,19,17,94,59,24,1023,1019,1016,31,19,10,19,8,NA,0,4,"Fog",156,"EDDV"
"916",2015-07-05,30,25,20,21,19,17,100,77,39,1019,1016,1011,31,14,2,40,10,47,14.99,6,"Rain-Thunderstorm",296,"EDDV"
"917",2015-07-06,23,19,15,19,14,11,94,70,35,1021,1019,1015,31,13,8,24,14,NA,0,4,"Rain",260,"EDDV"
"918",2015-07-07,29,21,13,20,14,11,94,65,26,1018,1011,1004,31,14,10,21,8,39,1.02,6,"Fog-Rain-Thunderstorm",174,"EDDV"
"919",2015-07-08,19,17,15,15,13,9,88,72,47,1010,1007,1004,31,12,10,34,19,53,0.51,6,"Rain",244,"EDDV"
"920",2015-07-09,18,14,11,13,8,4,100,70,36,1022,1015,1010,31,13,8,43,23,52,0.25,4,"Rain",282,"EDDV"
"921",2015-07-10,19,14,8,10,8,6,87,65,39,1023,1022,1020,10,10,10,29,16,NA,0,4,NA,272,"EDDV"
"922",2015-07-11,26,18,9,15,11,9,100,63,28,1021,1017,1015,31,20,10,19,6,NA,0,2,"Fog",118,"EDDV"
"923",2015-07-12,18,17,15,16,14,12,100,81,59,1016,1016,1015,31,12,3,26,11,NA,3.05,7,"Rain",251,"EDDV"
"924",2015-07-13,18,17,14,16,15,14,100,90,73,1016,1015,1013,26,10,2,23,13,NA,4.06,6,"Rain",242,"EDDV"
"925",2015-07-14,22,18,14,18,16,13,100,88,63,1017,1013,1012,26,9,1,35,13,NA,2.03,6,"Rain",264,"EDDV"
"926",2015-07-15,23,18,14,17,14,12,100,75,41,1020,1019,1017,31,11,10,14,8,NA,0,5,"Rain",255,"EDDV"
"927",2015-07-16,23,19,16,18,16,13,100,78,42,1020,1018,1017,31,9,2,21,10,NA,0,5,"Rain",281,"EDDV"
"928",2015-07-17,32,23,14,19,16,13,94,66,24,1017,1013,1011,31,14,10,27,11,45,0,5,"Rain",113,"EDDV"
"929",2015-07-18,24,20,16,18,15,10,94,71,32,1017,1015,1013,31,14,10,26,11,NA,0,4,"Rain-Thunderstorm",285,"EDDV"
"930",2015-07-19,19,16,13,17,14,11,100,89,68,1017,1011,1008,31,14,4,19,10,NA,7.11,6,"Rain",60,"EDDV"
"931",2015-07-20,25,18,12,19,13,8,100,69,33,1014,1013,1011,31,12,6,14,11,NA,2.03,3,"Rain",247,"EDDV"
"932",2015-07-21,26,22,18,20,17,12,100,72,29,1013,1012,1011,14,10,6,34,13,NA,0.25,4,"Rain",236,"EDDV"
"933",2015-07-22,26,21,16,19,16,13,94,70,37,1014,1013,1012,31,14,10,26,10,NA,0,5,"Rain",254,"EDDV"
"934",2015-07-23,22,18,13,15,13,9,100,70,35,1017,1015,1014,31,14,10,26,10,NA,0,4,NA,296,"EDDV"
"935",2015-07-24,26,19,12,15,12,10,94,64,35,1017,1013,1005,26,13,10,26,11,NA,0,5,"Rain",91,"EDDV"
"936",2015-07-25,24,19,13,18,14,10,100,75,40,1008,1001,998,31,11,5,50,24,72,2.03,5,"Rain-Thunderstorm",201,"EDDV"
"937",2015-07-26,21,16,11,12,9,7,94,66,28,1014,1011,1006,31,12,8,35,24,52,0.25,5,"Rain",243,"EDDV"
"938",2015-07-27,19,16,12,16,13,11,100,84,64,1007,1001,999,31,13,7,35,16,55,3.05,6,"Rain-Thunderstorm",193,"EDDV"
"939",2015-07-28,19,17,14,14,12,9,94,74,47,1006,1003,1001,31,13,10,32,19,52,0.51,5,"Rain",236,"EDDV"
"940",2015-07-29,18,15,12,11,9,8,88,70,46,1007,1006,1005,31,16,10,37,19,71,1.02,5,"Rain-Thunderstorm",237,"EDDV"
"941",2015-07-30,19,15,11,11,9,7,88,66,36,1017,1011,1008,31,14,10,35,26,53,0,5,"Rain",270,"EDDV"
"942",2015-07-31,18,13,8,9,8,4,94,67,30,1020,1019,1017,31,14,10,21,13,NA,0,5,NA,287,"EDDV"
"943",2015-08-01,25,17,8,12,8,6,93,61,23,1019,1017,1014,31,15,10,19,10,NA,0,6,NA,64,"EDDV"
"944",2015-08-02,26,18,11,13,10,5,94,59,18,1021,1019,1017,31,21,10,14,10,27,0,NA,"Fog",302,"EDDV"
"945",2015-08-03,32,22,12,14,12,9,88,52,19,1020,1017,1014,31,31,31,23,11,NA,0,NA,NA,122,"EDDV"
"946",2015-08-04,32,24,16,18,15,13,94,63,26,1017,1012,1010,31,13,9,35,13,NA,2.03,6,"Rain",200,"EDDV"
"947",2015-08-05,26,19,12,15,12,7,100,64,21,1020,1018,1016,31,12,0,21,10,NA,0,2,"Fog",222,"EDDV"
"948",2015-08-06,33,23,13,18,13,10,88,51,21,1017,1015,1013,NA,NA,NA,21,11,NA,0,NA,NA,150,"EDDV"
"949",2015-08-07,31,23,16,19,16,14,88,63,25,1019,1017,1015,31,23,10,26,11,NA,0,5,NA,345,"EDDV"
"950",2015-08-08,22,19,14,19,17,13,100,85,65,1023,1020,1014,31,11,3,32,13,52,1.02,6,"Rain-Thunderstorm",313,"EDDV"
"951",2015-08-09,26,18,9,16,13,9,100,73,36,1024,1021,1018,31,10,0,14,8,NA,0,1,"Fog-Rain",50,"EDDV"
"952",2015-08-10,29,23,16,18,15,12,78,60,36,1019,1016,1014,31,12,10,19,10,NA,7.11,5,"Thunderstorm",49,"EDDV"
"953",2015-08-11,23,20,17,19,18,16,100,86,63,1021,1018,1014,31,11,3,29,14,NA,0,6,"Rain-Thunderstorm",315,"EDDV"
"954",2015-08-12,23,19,16,19,17,16,100,86,65,1023,1022,1020,31,9,1,14,8,NA,0,6,"Fog-Rain-Thunderstorm",13,"EDDV"
"955",2015-08-13,28,22,16,17,16,14,94,68,37,1023,1019,1013,26,16,10,27,14,NA,0,4,"Rain",76,"EDDV"
"956",2015-08-14,29,24,19,21,18,13,100,71,45,1013,1009,1006,23,10,2,23,14,NA,2.03,5,"Fog-Rain-Thunderstorm",53,"EDDV"
"957",2015-08-15,27,22,18,21,18,15,100,79,41,1010,1007,1006,26,7,0,14,6,NA,0,5,"Fog-Rain",258,"EDDV"
"958",2015-08-16,22,19,17,20,18,16,100,91,73,1012,1010,1010,31,8,0,19,8,NA,10.92,7,"Fog-Rain",335,"EDDV"
"959",2015-08-17,19,17,15,19,17,15,100,97,86,1011,1010,1009,26,9,3,14,8,NA,7.87,8,"Rain",297,"EDDV"
"960",2015-08-18,16,15,14,15,14,13,100,95,84,1018,1013,1010,18,9,5,14,8,NA,6.1,7,"Rain",235,"EDDV"
"961",2015-08-19,21,17,13,15,13,11,100,83,44,1022,1020,1018,31,10,3,16,5,NA,0,5,"Fog-Rain",304,"EDDV"
"962",2015-08-20,23,18,12,17,14,12,100,81,41,1025,1024,1022,31,10,0,11,5,NA,0,4,"Fog-Rain",82,"EDDV"
"963",2015-08-21,25,19,12,15,12,7,100,68,22,1026,1025,1023,31,8,2,19,8,32,0,1,"Fog",113,"EDDV"
"964",2015-08-22,26,18,11,13,10,6,94,59,20,1024,1021,1018,31,23,10,21,10,NA,0,NA,"Fog",80,"EDDV"
"965",2015-08-23,24,18,11,11,10,8,88,59,28,1018,1013,1007,31,28,26,29,14,50,0,NA,NA,85,"EDDV"
"966",2015-08-24,26,20,14,17,14,11,100,72,42,1007,1004,1002,31,13,3,29,16,48,0,6,"Rain",139,"EDDV"
"967",2015-08-25,21,18,15,15,12,10,88,69,44,1016,1010,1004,31,14,10,35,23,53,0.25,5,"Rain",213,"EDDV"
"968",2015-08-26,26,21,15,16,13,9,82,58,37,1015,1013,1009,31,11,10,29,18,NA,0,6,"Rain",186,"EDDV"
"969",2015-08-27,22,18,14,16,14,12,100,70,41,1011,1010,1007,31,10,5,26,16,NA,7.11,7,"Rain",219,"EDDV"
"970",2015-08-28,20,16,12,14,13,11,100,83,49,1021,1016,1012,31,11,6,18,10,NA,0,5,"Rain",251,"EDDV"
"971",2015-08-29,24,17,9,15,12,9,100,74,35,1025,1022,1020,31,11,2,19,6,NA,0,2,"Fog",139,"EDDV"
"972",2015-08-30,29,22,15,23,18,14,100,83,49,1021,1017,1015,31,12,2,32,8,NA,14.99,4,"Fog-Rain-Thunderstorm",70,"EDDV"
"973",2015-08-31,32,26,19,23,19,13,100,74,26,1016,1011,1006,31,6,0,23,8,NA,0,6,"Fog",160,"EDDV"
"974",2015-09-01,19,17,13,19,16,13,100,86,54,1015,1010,1007,27,13,10,24,16,NA,5.08,6,"Rain",268,"EDDV"
"975",2015-09-02,19,15,11,13,11,9,100,76,45,1016,1015,1014,31,14,10,24,13,NA,0,2,NA,241,"EDDV"
"976",2015-09-03,18,13,9,12,10,8,100,83,42,1015,1014,1012,31,11,1,14,6,NA,1.02,3,"Fog-Rain",240,"EDDV"
"977",2015-09-04,18,13,9,11,9,7,94,72,41,1014,1012,1009,31,15,10,26,13,42,0.76,4,"Rain",223,"EDDV"
"978",2015-09-05,16,13,11,13,11,7,100,83,53,1013,1010,1009,31,14,8,32,23,52,1.02,5,"Rain",261,"EDDV"
"979",2015-09-06,17,13,10,12,9,7,94,81,61,1021,1016,1012,31,14,6,40,29,61,0.51,5,"Rain",277,"EDDV"
"980",2015-09-07,18,14,10,12,11,8,100,81,41,1025,1022,1019,31,10,2,26,16,NA,0,4,"Rain",301,"EDDV"
"981",2015-09-08,18,13,8,13,11,8,100,86,45,1026,1024,1023,31,10,3,16,8,NA,0,5,"Fog",288,"EDDV"
"982",2015-09-09,19,13,8,11,9,7,100,77,38,1026,1025,1024,31,12,10,23,10,NA,0,4,NA,64,"EDDV"
"983",2015-09-10,19,13,7,12,9,7,100,77,37,1027,1025,1023,10,10,10,26,11,NA,0,2,"Fog",71,"EDDV"
"984",2015-09-11,17,12,8,13,10,8,100,85,61,1024,1021,1018,31,12,7,26,11,NA,0,4,"Fog",78,"EDDV"
"985",2015-09-12,20,15,10,15,12,10,100,86,51,1019,1016,1012,14,5,0,19,11,NA,6.1,7,"Fog-Rain",99,"EDDV"
"986",2015-09-13,21,18,15,18,16,14,100,89,64,1013,1010,1005,31,12,3,16,8,NA,1.02,6,"Fog-Rain",135,"EDDV"
"987",2015-09-14,21,18,14,17,15,12,100,89,54,1005,1002,1000,27,9,2,26,11,50,7.11,5,"Fog-Rain-Thunderstorm",163,"EDDV"
"988",2015-09-15,17,14,11,12,9,7,88,72,53,1006,1005,1003,31,11,10,35,19,NA,0,4,"Rain",183,"EDDV"
"989",2015-09-16,18,14,12,16,13,9,94,84,70,1005,999,993,13,10,10,34,16,NA,3.05,5,"Rain",147,"EDDV"
"990",2015-09-17,18,16,13,15,13,12,94,75,57,1008,999,994,26,10,8,37,29,58,3.05,6,"Rain",201,"EDDV"
